Date,Close,Signal,TN_TP_FP_FN,proba_buy,proba_hold,Equity Value,DCA Value
2023-10-09,4335.66,Hold,TN,0.0470214411991557,0.9529785588008444,0.0,0.0
2023-10-10,4358.24,Hold,TN,0.0536973502937692,0.9463026497062308,1000.0,1000.0
2023-10-11,4376.95,Hold,TN,0.0161024010146328,0.9838975989853672,2000.0,2004.2930173648078
2023-10-12,4349.61,Hold,TN,0.0161024010146328,0.9838975989853672,2000.0,1991.7734841065449
2023-10-13,4327.78,Hold,TN,0.0507432414074495,0.9492567585925504,2000.0,1981.7770901406386
2023-10-16,4373.63,Hold,TN,0.0161024010146328,0.9838975989853672,2000.0,2002.7727229091595
2023-10-17,4373.2,Hold,TN,0.0179984861178775,0.9820015138821224,2000.0,2002.575817301952
2023-10-18,4314.6,Hold,TN,0.0481936979764392,0.9518063020235608,2000.0,1975.7417043197206
2023-10-19,4278.0,Hold,TN,0.04945824077424,0.95054175922576,2000.0,1958.981831706245
2023-10-20,4224.16,Buy,TP,0.3906685203292325,0.6093314796707675,2000.0,1934.3274180037988
2023-10-23,4217.04,Buy,TP,0.8467700809046418,0.1532299190953582,1996.6289155713798,1931.067027484456
2023-10-24,4247.68,Buy,TP,0.8401116542176478,0.1598883457823522,2011.1359418203858,1945.0976967980325
2023-10-25,4186.77,Buy,TP,0.7350567516043945,0.2649432483956054,1982.2970720806031,1917.2057885770819
2023-10-26,4137.23,Buy,TP,0.4004798396775668,0.5995201603224332,1958.8415211545016,1894.5204309467103
2023-10-27,4117.37,Buy,TP,0.2699745165991928,0.7300254834008072,1949.4384682398393,1885.4261394138246
2023-10-30,4166.82,Buy,TP,0.2212671759315975,0.7787328240684024,1972.8514071436687,1908.070284242687
2023-10-31,4193.8,Buy,TP,0.483950873227299,0.516049126772701,1985.6255444869514,1920.424966294916
2023-11-01,4237.86,Hold,FN,0.0620545989797053,0.9379454010202948,2006.4864967236088,1940.600922233433
2023-11-02,4317.78,Hold,FN,0.0437139596021919,0.956286040397808,2044.3259725010414,1977.1978899730225
2023-11-03,4358.34,Hold,FN,0.0359231244771991,0.9640768755228007,2063.529790538237,1995.771125852874
2023-11-06,4365.98,Hold,FN,0.0359231244771991,0.9640768755228007,2067.1470777622058,1999.2696347809328
2023-11-07,4378.38,Buy,TP,0.2818081816142124,0.7181918183857876,2073.018067497443,2004.9478429887772
2023-11-08,4382.78,Hold,FN,0.0206764370462663,0.9793235629537336,2075.1013219196243,2006.9626910625282
2023-11-09,4347.35,Buy,TP,0.3159467367162526,0.6840532632837474,2058.3263891519264,1990.738584868664
2023-11-10,4415.24,Hold,FN,0.0220619241296068,0.9779380758703932,3090.47005795235,3021.8267748066105
2023-11-13,4411.55,Hold,FN,0.0221201690063124,0.9778798309936876,4088.7229650392032,4019.301308286323
2023-11-14,4495.7,Hold,FN,0.0192611941055563,0.9807388058944436,4128.565205863414,4095.9691926109463
2023-11-15,4502.88,Hold,FN,0.0208458938869598,0.97915410611304,4131.964698306882,4102.510789871206
2023-11-16,4508.24,Hold,FN,0.0208450537294248,0.9791549462705752,4134.50248096663,4107.394210667165
2023-11-17,4514.02,Hold,FN,0.0194907388614003,0.9805092611385996,4137.239119730313,4112.660287570271
2023-11-20,4547.38,Hold,FN,0.0144458744147437,0.9855541255852562,4153.033975985758,4143.0541155093015
2023-11-21,4538.19,Hold,FN,0.017466116374501,0.982533883625499,4148.682815044885,4134.681235450557
2023-11-22,4556.62,Hold,FN,0.0215700979532474,0.9784299020467524,4157.408810272338,4151.472549866515
2023-11-24,4559.34,Hold,FN,0.0215700979532474,0.9784299020467524,4158.6966402787775,4153.950703703271
2023-11-27,4550.43,Hold,FN,0.0193662020139874,0.9806337979860126,4154.478050073862,4145.832927715957
2023-11-28,4554.89,Hold,FN,0.0193662020139874,0.9806337979860126,4156.5897125108895,4149.896371139461
2023-11-29,4550.58,Hold,FN,0.0193662020139874,0.9806337979860126,4154.549070110981,4145.969590611367
2023-11-30,4567.8,Hold,FN,0.0139434294215472,0.9860565705784528,4162.702170372335,4161.658491004356
2023-12-01,4594.63,Hold,FN,0.0139434294215472,0.9860565705784528,4175.405287678497,4186.1029275632345
2023-12-04,4569.78,Hold,FN,0.0139434294215472,0.9860565705784528,4163.639634862316,4163.462441223758
2023-12-05,4567.18,Hold,FN,0.0139434294215472,0.9860565705784528,4162.408620885572,4161.093617703331
2023-12-06,4549.34,Hold,FN,0.0139260400729688,0.9860739599270312,4153.961971137457,4144.839844009317
2023-12-07,4585.59,Buy,TP,0.2019091054678917,0.7980908945321084,4171.125146774743,4177.8667103999005
2023-12-08,4604.37,Buy,TP,0.0711735177792565,0.9288264822207436,4188.207731623461,4194.976904905146
2023-12-11,4622.44,Hold,FN,0.0219293187790023,0.9780706812209976,5204.644489249463,5211.44022837212
2023-12-12,4643.7,Hold,FN,0.0213568151907475,0.9786431848092524,5223.98292129865,5235.409218614329
2023-12-13,4707.09,Hold,FN,0.0219406299278955,0.9780593700721044,5281.643467281621,5306.876494788062
2023-12-14,4719.55,Hold,FN,0.0219406299278955,0.9780593700721044,5292.977280232368,5320.924172041961
2023-12-15,4719.19,Hold,FN,0.0219406299278955,0.9780593700721044,5292.649818541976,5320.518300146985
2023-12-18,4740.56,Hold,FN,0.0219406299278955,0.9780593700721044,5312.088308329894,5344.6113068015475
2023-12-19,4768.37,Hold,FN,0.0209976953144467,0.9790023046855532,5337.384723912579,5375.964910688461
2023-12-20,4698.35,Hold,FN,0.0208139214567185,0.9791860785432814,5273.693425131579,5297.022827115583
2023-12-21,4746.75,Hold,FN,0.0208139214567185,0.9791860785432814,5317.718830173001,5351.5900485512775
2023-12-22,4754.63,Hold,FN,0.0213568151907475,0.9786431848092524,5324.8866027293325,5360.474133363535
2023-12-26,4774.75,Hold,FN,0.0213568151907475,0.9786431848092524,5343.188072758949,5383.157862604985
2023-12-27,4781.58,Hold,TN,0.0213568151907475,0.9786431848092524,5349.400748718306,5390.858154390228
2023-12-28,4783.35,Hold,TN,0.0219406299278955,0.9780593700721044,5351.010768696061,5392.853691207195
2023-12-29,4769.83,Hold,FN,0.0199018964915772,0.9800981035084227,5338.712762990275,5377.6109467069755
2024-01-02,4742.83,Hold,FN,0.0193646145178685,0.9806353854821316,5314.153136210969,5347.170554583758
2024-01-03,4704.81,Hold,FN,0.0311797845649199,0.96882021543508,5279.56954324248,5304.305972786546
2024-01-04,4688.68,Hold,FN,0.0140562002993063,0.9859437997006936,5264.897440281361,5286.120657047749
2024-01-05,4697.24,Hold,FN,0.0140562002993063,0.9859437997006936,5272.683751586207,5295.77138877274
2024-01-08,4763.54,Buy,TP,0.4205064898358828,0.5794935101641172,5332.991279566503,5370.519462764197
2024-01-09,4756.5,Buy,TP,0.050613562425346,0.949386437574654,5325.109691796033,5362.58241237355
2024-01-10,4783.45,Hold,TN,0.0360218504434319,0.963978149556568,6355.281394979866,6392.966433400244
2024-01-11,4780.24,Hold,TN,0.0304252507839985,0.9695747492160016,7351.687659647023,7388.676345231409
2024-01-12,4783.83,Hold,TN,0.0304252507839985,0.9695747492160016,7355.706821592476,7394.225302622541
2024-01-16,4765.98,Hold,FN,0.0415734834617363,0.9584265165382636,7335.72296623695,7366.635082725133
2024-01-17,4739.21,Buy,TP,0.1484750495986285,0.8515249504013715,7305.752780922249,7325.257481231935
2024-01-18,4780.94,Hold,TN,0.0415734834617363,0.9584265165382636,7370.081870274247,7389.75831463915
2024-01-19,4839.81,Hold,TN,0.0194765845940354,0.9805234154059644,7460.833211998479,7480.751941830207
2024-01-22,4850.43,Hold,TN,0.0181981304794193,0.9818018695205806,7477.204525895393,7497.166963416227
2024-01-23,4864.6,Hold,TN,0.0186899380835622,0.9813100619164378,7499.048359974421,7519.06911557008
2024-01-24,4868.55,Hold,TN,0.0155584735509807,0.9844415264490192,7505.137502148885,7525.174514370906
2024-01-25,4894.16,Hold,TN,0.0150318108340387,0.9849681891659612,7544.616725209145,7564.759137988418
2024-01-26,4890.97,Hold,TN,0.0380303931359978,0.9619696068640022,7539.699164820148,7559.8284488302825
2024-01-29,4927.93,Hold,TN,0.0394710845566324,0.9605289154433676,7596.675036913363,7616.95643355903
2024-01-30,4924.97,Hold,TN,0.0398437132451769,0.960156286754823,7592.112034169967,7612.381248634867
2024-01-31,4845.65,Buy,FP,0.1070119251556124,0.8929880748443875,7469.8358930868,7489.778658031934
2024-02-01,4906.19,Hold,TN,0.0350855720899482,0.9649144279100518,7563.161631629096,7583.353555095745
2024-02-02,4958.61,Hold,TN,0.0352707442118246,0.9647292557881754,7643.96994372667,7664.377607029755
2024-02-05,4942.81,Hold,TN,0.0131130617931765,0.9868869382068236,7619.613375028814,7639.956011826449
2024-02-06,4954.23,Hold,TN,0.0147336617216095,0.9852663382783904,7637.217932910428,7657.607569878458
2024-02-07,4995.06,Hold,TN,0.0224675259578633,0.9775324740421366,7700.159622779639,7720.717299761436
2024-02-08,4997.91,Buy,FP,0.0593889133227654,0.9406110866772346,7704.553054475137,7725.122460921525
2024-02-09,5026.61,Buy,FP,0.103024258332426,0.896975741667574,7748.795682426308,7769.4832066389245
2024-02-12,5021.84,Buy,FP,0.0796580196753915,0.9203419803246085,8741.442465167525,8762.110357960459
2024-02-13,4953.17,Buy,FP,0.0901689999886633,0.9098310000113368,8621.909613845488,8642.294888275812
2024-02-14,5000.62,Buy,FP,0.0871990178817238,0.912800982118276,8704.505125644391,8725.085685371143
2024-02-15,5029.73,Buy,FP,0.0611962640791837,0.9388037359208162,8755.176471239038,8775.87683612868
2024-02-16,5005.57,Buy,FP,0.0821696229019999,0.917830377098,8713.121517286214,8733.72244924094
2024-02-20,4975.51,Buy,FP,0.1235621881110258,0.8764378118889742,8660.79652077041,8681.273737740716
2024-02-21,4981.8,Buy,FP,0.1539580137833336,0.8460419862166664,8671.745430553658,8692.248534658096
2024-02-22,5087.03,Hold,TN,0.0284220788711027,0.9715779211288972,8854.91773206258,8875.85392092452
2024-02-23,5088.8,Buy,FP,0.0568291835215373,0.9431708164784628,8857.998744831477,8878.942218308266
2024-02-26,5069.53,Buy,FP,0.0686732766036987,0.9313267233963012,8824.455741409667,8845.319907243416
2024-02-27,5078.18,Buy,FP,0.0686732766036987,0.9313267233963012,8839.512668218107,8860.412434005792
2024-02-28,5069.76,Buy,FP,0.0695251998039066,0.9304748001960932,8824.856099001105,8845.721211423226
2024-02-29,5096.27,Buy,FP,0.0611962640791837,0.9388037359208162,8871.001663127321,8891.975880148142
2024-03-01,5137.08,Buy,FP,0.0583111789469293,0.9416888210530706,8942.039025329916,8963.181200052473
2024-03-04,5130.95,Buy,FP,0.0610448106455689,0.938955189354431,8931.368625175495,8952.485571260177
2024-03-05,5078.65,Buy,FP,0.113320920697452,0.886679079302548,8840.330790252785,8861.232490373224
2024-03-06,5104.76,Hold,TN,0.0061635494094486,0.9938364505905514,8885.780080306935,8906.789238785432
2024-03-07,5157.36,Hold,TN,0.0049016893120867,0.9950983106879132,8977.340120783694,8998.565759906915
2024-03-08,5123.69,Hold,TN,0.0052375390557881,0.9947624609442118,8918.731250767485,8939.818317584473
2024-03-11,5117.94,Hold,TN,0.0052367268819185,0.9947632731180814,9908.722310981528,9929.785713089255
2024-03-12,5175.27,Hold,TN,0.003425568951977,0.9965744310480228,10008.515792360477,10041.016914496739
2024-03-13,5165.31,Hold,TN,0.003425568951977,0.9965744310480228,9991.178567966019,10021.692603210875
2024-03-14,5150.48,Hold,TN,0.0053721426452428,0.9946278573547572,9965.364206744147,9992.919557390658
2024-03-15,5117.09,Hold,TN,0.0083894363736829,0.991610563626317,9907.242728578387,9928.136549977511
2024-03-18,5149.42,Hold,TN,0.0080430681845622,0.9919569318154378,9963.519080453172,9990.862953980719
2024-03-19,5178.51,Hold,TN,0.0079510098360153,0.9920489901639846,10014.155612344217,10047.303136240333
2024-03-20,5224.62,Hold,TN,0.0053132577783891,0.9946867422216108,10094.418606001695,10136.765384572775
2024-03-21,5241.53,Hold,TN,0.0058151370330057,0.9941848629669944,10123.85359239831,10169.574029537025
2024-03-22,5234.18,Hold,TN,0.0058151370330057,0.9941848629669944,10111.059556324088,10155.31361910017
2024-03-25,5218.19,Hold,TN,0.0061474471481082,0.9938525528518918,10083.226000293223,10124.289950680395
2024-03-26,5203.58,Hold,TN,0.0066579909989674,0.9933420090010326,10057.794589810992,10095.943747077337
2024-03-27,5248.49,Hold,TN,0.0058571856652793,0.9941428143347208,10135.96876125227,10183.077765134376
2024-03-28,5254.35,Hold,TN,0.006239499909675,0.993760500090325,10146.169176408048,10194.44728964594
2024-04-01,5243.77,Hold,TN,0.00663542133227,0.99336457866773,10127.752727201885,10173.92005938445
2024-04-02,5205.81,Hold,TN,0.0097072271745481,0.990292772825452,10061.676317762764,10100.270375005799
2024-04-03,5211.49,Hold,TN,0.0095963056691772,0.9904036943308228,10071.563409586108,10111.29066497605
2024-04-04,5147.21,Hold,TN,0.0111239051277661,0.9888760948722338,9959.672166205004,9986.57512989018
2024-04-05,5204.34,Hold,TN,0.0002906832676047,0.9997093167323952,10059.117510547918,10097.418292918428
2024-04-08,5202.39,Hold,TN,0.0003676695775848,0.9996323304224152,10055.723174446593,10093.634918720894
2024-04-09,5209.91,Hold,TN,0.0004523584800113,0.9995476415199886,10068.813127001446,10108.2251617801
2024-04-10,5160.64,Hold,TN,0.0004405606214448,0.9995594393785552,10983.049568174642,11012.631907055757
2024-04-11,5199.06,Hold,TN,0.0003741631621117,0.9996258368378882,12049.92669279664,12094.618892753087
2024-04-12,5123.41,Hold,FN,0.0021256508704786,0.9978743491295212,11918.24385891704,11918.63363402617
2024-04-15,5061.82,Hold,FN,0.0017104979923463,0.9982895020076537,11811.035058670583,11775.356276656825
2024-04-16,5051.41,Hold,FN,0.0006053481298115,0.9993946518701884,11792.914525945049,11751.139402323088
2024-04-17,5022.21,Hold,FN,0.0001739678848318,0.9998260321151682,11742.086518684186,11683.211186132394
2024-04-18,5011.12,Hold,FN,0.0001714089111276,0.9998285910888725,11722.78232003614,11657.412421832572
2024-04-19,4967.23,Hold,FN,0.0020554164106365,0.9979445835893634,11646.38364747863,11555.3107297569
2024-04-22,5010.6,Hold,FN,0.0001900909214761,0.999809909078524,11721.877163742454,11656.202741270272
2024-04-23,5070.55,Hold,FN,0.0020197381684425,0.9979802618315574,11826.231240293437,11795.664952250823
2024-04-24,5071.63,Hold,FN,0.0014632376901512,0.9985367623098488,11828.111180288017,11798.17736572637
2024-04-25,5048.42,Hold,FN,0.0015302479247387,0.9984697520752612,11787.709877256351,11744.183739089864
2024-04-26,5099.96,Hold,FN,0.0007423328590809,0.9992576671409192,11877.424791442134,11864.081693283984
2024-04-29,5116.17,Hold,FN,0.0004496435794791,0.9995503564205208,11905.641298212635,11901.791158504915
2024-04-30,5035.69,Hold,FN,0.0018210947763805,0.9981789052236196,11765.550954912831,11714.569828401247
2024-05-01,5018.39,Hold,FN,0.0020160384035519,0.997983961596448,11735.437101295951,11674.324686617036
2024-05-02,5064.2,Hold,FN,0.000372594737952,0.999627405262048,11815.17788939938,11780.89289153812
2024-05-03,5127.79,Hold,FN,0.0001815867889739,0.999818413211026,11925.868060006169,11928.822866454773
2024-05-06,5180.74,Buy,FP,0.6051198706331554,0.3948801293668446,12018.037340295987,12052.000916019748
2024-05-07,5187.7,Buy,FP,0.52863172804855,0.47136827195145,12034.182821421939,12068.192025084378
2024-05-08,5187.67,Buy,FP,0.5404101166094114,0.4595898833905886,12034.113228830878,12068.122235821169
2024-05-09,5214.08,Buy,FP,0.0773971491996595,0.9226028508003404,12095.37790649415,12129.56005053337
2024-05-10,5222.68,Buy,FP,0.0661188914177017,0.9338811085822982,13115.327782598055,13149.566305986793
2024-05-13,5221.42,Hold,TN,0.0486384916158484,0.9513615083841516,14112.163638326134,14146.393901484593
2024-05-14,5246.68,Hold,TN,0.0385357351998517,0.9614642648001482,14175.597197301302,14214.830822849184
2024-05-15,5308.15,Hold,TN,0.0038013425087662,0.9961986574912336,14329.96223570999,14381.371502036885
2024-05-16,5297.1,Hold,TN,0.0029222370214888,0.9970777629785113,14302.213192690373,14351.433735565046
2024-05-17,5303.27,Hold,TN,0.0024170671241446,0.9975829328758554,14317.707454720332,14368.15011738688
2024-05-20,5308.13,Hold,TN,0.0027484132935485,0.9972515867064514,14329.912011197739,14381.317316034223
2024-05-21,5321.41,Hold,TN,0.0017740449781007,0.9982259550218991,14363.261087333534,14417.296821803096
2024-05-22,5307.01,Hold,TN,0.0017978191645925,0.9982021808354076,14327.099438511588,14378.282899885042
2024-05-23,5267.84,Hold,TN,0.0082998327401975,0.9917001672598024,14228.734731264663,14272.159613667662
2024-05-24,5304.72,Hold,TN,0.0017106993317713,0.9982893006682286,14321.348731858654,14372.078602580017
2024-05-28,5306.04,Hold,TN,0.0015754709547769,0.998424529045223,14324.663549667332,14375.654878755839
2024-05-29,5266.95,Hold,TN,0.0260881202889384,0.9739118797110616,14226.499740469417,14269.748336549113
2024-05-30,5235.48,Buy,FP,0.4606490750076697,0.5393509249923303,14147.471470439785,14184.486661357361
2024-05-31,5277.51,Hold,TN,0.0123049327680012,0.9876950672319988,14261.046200149878,14298.35854595569
2024-06-03,5283.4,Hold,TN,0.0098863101986474,0.9901136898013524,14276.962335243676,14314.316323740226
2024-06-04,5291.34,Hold,TN,0.0013632899747343,0.9986367100252656,14298.418041974539,14335.828166797823
2024-06-05,5354.03,Hold,TN,0.0009576598350814,0.9990423401649186,14467.820844865939,14505.674192148028
2024-06-06,5352.96,Hold,TN,0.0009908857657684,0.9990091142342316,14464.9294586944,14502.775241005505
2024-06-07,5346.99,Hold,TN,0.0010050330435739,0.998994966956426,14448.79714519525,14486.600719210312
2024-06-10,5360.79,Hold,TN,0.0010597882337447,0.9989402117662552,15486.087920117907,15523.989061048449
2024-06-11,5375.32,Hold,TN,0.000947685788231,0.999052314211769,16525.351322989372,16566.06561339559
2024-06-12,5421.03,Hold,TN,0.000646254851863,0.9993537451481368,16648.870259345502,16706.938130601695
2024-06-13,5433.74,Hold,TN,0.0007787695452295,0.9992212304547704,16683.215603495282,16746.10876489812
2024-06-14,5431.6,Hold,TN,0.0008307905867608,0.9991692094132392,16677.432831152204,16739.51355188519
2024-06-17,5473.23,Hold,TN,0.000693972380813,0.999306027619187,16789.92666883555,16867.812018113367
2024-06-18,5487.03,Hold,TN,0.0007420646954604,0.9992579353045395,16827.217443758207,16910.34189642105
2024-06-20,5473.17,Hold,TN,0.0008608060446112,0.9991391939553887,16789.76453503154,16867.627105598986
2024-06-21,5464.62,Hold,TN,0.0009221665650777,0.9990778334349224,16766.660467959893,16841.27707229966
2024-06-24,5447.87,Hold,TN,0.0012134002590312,0.9987865997409688,16721.39811434,16789.6556620349
2024-06-25,5469.3,Hold,TN,0.0016083322825614,0.9983916677174386,16779.306904672798,16855.7002484214
2024-06-26,5477.9,Hold,TN,0.0017061391308054,0.9982938608691946,16802.546083247784,16882.204375482706
2024-06-27,5482.87,Hold,TN,0.0016377595312195,0.9983622404687804,16815.976166680073,16897.521295423954
2024-06-28,5460.48,Hold,TN,0.0020296262895796,0.9979703737104204,16755.473235483096,16828.518108807355
2024-07-01,5475.09,Hold,TN,0.002516269691728,0.997483730308272,16794.95281675991,16873.544306059186
2024-07-02,5509.01,Hold,TN,0.000908104575705,0.999091895424295,16886.612460627774,16978.081514189376
2024-07-03,5537.02,Hold,TN,0.0006452038467252,0.9993547961532748,16962.3019248005,17064.40483965302
2024-07-05,5567.19,Hold,TN,0.0007296720847794,0.9992703279152204,17043.828205917634,17157.38501563438
2024-07-08,5572.85,Hold,TN,0.0007209145255275,0.9992790854744724,17059.122828096064,17174.82842949101
2024-07-09,5576.98,Hold,TN,0.0007209145255275,0.9992790854744724,17070.283038272188,17187.55657423092
2024-07-10,5633.91,Hold,TN,0.0042465935106704,0.9957534064893296,18224.120995978483,18363.007731626312
2024-07-11,5584.54,Hold,TN,0.0086860095335679,0.991313990466432,19090.711897577647,19202.092542759186
2024-07-12,5615.35,Hold,TN,0.0068329677833878,0.9931670322166122,19173.967605937578,19308.030806473373
2024-07-15,5631.22,Hold,TN,0.0068329677833878,0.9931670322166122,19216.85199709863,19362.598811833454
2024-07-16,5667.2,Hold,TN,0.0080367271217368,0.9919632728782632,19314.07823490422,19486.313798150764
2024-07-17,5588.27,Hold,TN,0.0055569415203024,0.9944430584796976,19100.79121572703,19214.91791515951
2024-07-18,5544.59,Hold,TN,0.0176187878254681,0.982381212174532,18982.757806406622,19064.726959007756
2024-07-19,5505.0,Hold,TN,0.0277457124603376,0.9722542875396624,18875.77651805967,18928.59921280702
2024-07-22,5564.41,Hold,TN,0.0081114984410035,0.9918885015589964,19036.31600633177,19132.87679304914
2024-07-23,5555.74,Hold,TN,0.0096286439134289,0.9903713560865712,19012.887671652097,19103.065538703086
2024-07-24,5427.13,Buy,FP,0.8633549390497594,0.1366450609502406,18665.353862753345,18660.848073715053
2024-07-25,5399.22,Buy,FP,0.9738103442719754,0.0261896557280245,18569.36389636053,18564.881279159297
2024-07-26,5459.1,Buy,FP,0.6214752437294452,0.3785247562705548,18775.30725671889,18770.77492509261
2024-07-29,5463.54,Buy,FP,0.7101418667191396,0.2898581332808604,18790.577606084138,18786.041588217926
2024-07-30,5436.44,Buy,FP,0.7631334069823965,0.2368665930176035,18697.373446670117,18692.859928151243
2024-07-31,5522.3,Hold,TN,0.0219050171727677,0.9780949828272324,18992.668986422435,18988.084183993502
2024-08-01,5446.68,Buy,FP,0.7093596856148968,0.2906403143851032,18732.591549710694,18728.069529593417
2024-08-02,5346.56,Buy,TP,0.8711301675091424,0.1288698324908576,18388.252050060073,18383.81315299283
2024-08-05,5186.33,Hold,FN,0.0301496566931876,0.9698503433068124,17837.17815843983,17832.872289801533
2024-08-06,5240.03,Buy,TP,0.0782825330235928,0.9217174669764072,18021.866843330343,18017.516391114474
2024-08-07,5199.5,Buy,TP,0.0709144978009497,0.9290855021990502,17882.47331635432,17878.156513531354
2024-08-08,5319.31,Buy,TP,0.0595201834673013,0.9404798165326989,18294.532000464795,18290.115727280023
2024-08-09,5344.16,Hold,FN,0.0459411492517503,0.9540588507482496,18379.997807159936,18375.56090265482
2024-08-12,5344.39,Hold,FN,0.0371072735231296,0.9628927264768704,19380.7888387712,19376.35174331221
2024-08-13,5434.43,Hold,FN,0.0233751054439341,0.9766248945560658,19690.460518241256,19702.796241368647
2024-08-14,5455.21,Hold,FN,0.0344774604576617,0.9655225395423384,19761.92850468492,19778.1351648428
2024-08-15,5543.22,Hold,TN,0.0209793783502342,0.9790206216497658,20064.618470368612,20097.219796939055
2024-08-16,5554.25,Hold,TN,0.021727089152314,0.978272910847686,20102.55359503048,20137.209610505943
2024-08-19,5608.25,Hold,TN,0.0145004615379708,0.9854995384620292,20288.27406028351,20332.989296146185
2024-08-20,5597.12,Hold,TN,0.0176031639671936,0.9823968360328064,20249.995008834136,20292.63692760589
2024-08-21,5620.85,Hold,TN,0.0138708083453362,0.9861291916546636,20331.608835509218,20378.671222795576
2024-08-22,5570.64,Hold,TN,0.0177618368726189,0.982238163127381,20158.92319550265,20196.63237064749
2024-08-23,5634.61,Hold,TN,0.0157294083968746,0.9842705916031254,20378.933161469988,20428.558787136495
2024-08-26,5616.84,Hold,TN,0.0172063827001442,0.9827936172998558,20317.817371330242,20364.13276836192
2024-08-27,5625.8,Hold,TN,0.0150407141475267,0.9849592858524732,20348.633211490745,20396.617693979264
2024-08-28,5592.18,Hold,TN,0.0145379818493819,0.985462018150618,20233.005025531358,20274.726711919542
2024-08-29,5591.96,Hold,TN,0.0139508005830869,0.986049199416913,20232.248386598847,20273.929090978043
2024-08-30,5648.4,Hold,TN,0.0078226785337802,0.9921773214662196,20426.36066546701,20478.555117969438
2024-09-03,5528.93,Buy,TP,0.1655668047696625,0.8344331952303374,20015.47133243406,20045.41069123907
2024-09-04,5520.07,Buy,TP,0.1655668047696625,0.8344331952303374,19983.39693901519,20013.288320595133
2024-09-05,5503.41,Buy,TP,0.1489307113479325,0.8510692886520674,19923.085494956693,19952.886662025387
2024-09-06,5408.42,Buy,TP,0.4067957983393266,0.5932042016606733,19579.20890005173,19608.49569278526
2024-09-09,5471.05,Buy,TP,0.1356535173997239,0.864346482600276,19805.937936149192,19835.563872630602
2024-09-10,5495.52,Buy,TP,0.1303823255181707,0.8696176744818293,20894.522632194297,20924.281074623508
2024-09-11,5554.13,Buy,FP,0.2162863256565439,0.7837136743434561,22117.363777613275,22147.439595342872
2024-09-12,5595.76,Hold,TN,0.021754324998874,0.978245675001126,22283.140569669285,22313.441815376274
2024-09-13,5626.02,Hold,TN,0.0173737006775409,0.982626299322459,22403.640346936038,22434.105451653257
2024-09-16,5633.09,Hold,TN,0.0157604315424549,0.984239568457545,22431.794128339734,22462.29751736635
2024-09-17,5634.58,Hold,TN,0.018379033257406,0.981620966742594,22437.727527815194,22468.23898524648
2024-09-18,5618.26,Hold,TN,0.0194483152158077,0.9805516847841922,22372.73888389605,22403.161967928558
2024-09-19,5713.64,Hold,TN,0.0041255644462759,0.995874435553724,22752.556093271553,22783.495663503527
2024-09-20,5702.55,Hold,TN,0.0041255644462759,0.995874435553724,22708.394079726004,22739.27359720109
2024-09-23,5718.57,Hold,TN,0.0041255644462759,0.995874435553724,22772.188079455456,22803.154345818315
2024-09-24,5732.93,Hold,TN,0.0026874129311803,0.9973125870688196,22829.371714668632,22860.41574095835
2024-09-25,5722.26,Hold,TN,0.0040966022201162,0.9959033977798838,22786.88220298865,22817.86845083689
2024-09-26,5745.37,Hold,TN,0.0042768232005419,0.995723176799458,22878.909627067784,22910.021016413924
2024-09-27,5738.17,Hold,TN,0.0043172360301958,0.9956827639698042,22850.238166515217,22881.310567597193
2024-09-30,5762.48,Hold,TN,0.0051749731737868,0.9948250268262132,22947.044167353113,22978.248207977012
2024-10-01,5708.75,Hold,TN,0.0202087215092719,0.979791278490728,22733.0833929796,22763.996483682164
2024-10-02,5709.54,Hold,TN,0.007379278669082,0.992620721330918,22736.229289345785,22767.146657927333
2024-10-03,5699.94,Hold,TN,0.0113368166280358,0.988663183371964,22698.000675275696,22728.866059505024
2024-10-04,5751.07,Hold,TN,0.0030475379821872,0.9969524620178128,22901.607866671897,22932.750121727167
2024-10-07,5695.94,Hold,TN,0.0109615710082999,0.9890384289917,22682.07208607983,22712.915810162394
2024-10-08,5751.13,Hold,TN,0.0064852976199595,0.9935147023800404,22901.846795509835,22932.98937546731
2024-10-09,5792.04,Hold,TN,0.0039920027850477,0.9960079972149524,23064.756441510588,23096.120550619038
2024-10-10,5780.05,Hold,TN,0.0039920027850477,0.9960079972149524,24017.01049539597,24048.309678214508
2024-10-11,5815.03,Hold,TN,0.0038541186800153,0.9961458813199846,25156.306007913845,25193.846459478325
2024-10-14,5859.85,Hold,TN,0.0051222337904103,0.9948777662095896,25334.78584985356,25388.030874402037
2024-10-15,5815.26,Hold,TN,0.0037195608140042,0.9962804391859956,25157.221901792607,25194.842943535277
2024-10-16,5842.47,Hold,TN,0.0032669669923729,0.9967330330076272,25265.576129797508,25312.73134001172
2024-10-17,5841.47,Hold,TN,0.0025693735854226,0.9974306264145774,25261.59398249854,25308.39880063368
2024-10-18,5864.67,Hold,TN,0.0026267365954325,0.9973732634045674,25353.979799834582,25408.913714204184
2024-10-21,5853.98,Hold,TN,0.0024994723086045,0.9975005276913954,25311.41064520862,25362.598868252946
2024-10-22,5851.2,Hold,TN,0.002684215423636,0.997315784576364,25300.34027571749,25350.554408781998
2024-10-23,5797.42,Hold,TN,0.0103356707509303,0.9896643292490696,25086.18039397903,25117.55044103106
2024-10-24,5809.86,Hold,TN,0.0077677139005681,0.9922322860994318,25135.71830637818,25171.447230893864
2024-10-25,5808.12,Hold,TN,0.0133777090471155,0.9866222909528845,25128.789370077982,25163.908612376075
2024-10-28,5823.52,Hold,TN,0.0093535202763822,0.9906464797236176,25190.11443848208,25230.629718797878
2024-10-29,5832.92,Hold,TN,0.0062093585562204,0.9937906414437796,25227.54662309237,25271.355588951446
2024-10-30,5813.67,Hold,TN,0.0085108738801461,0.9914891261198538,25150.890287587248,25187.954205924194
2024-10-31,5705.45,Buy,FP,0.5074099847549733,0.4925900152450266,24719.94230689301,24719.08679443281
2024-11-01,5728.8,Buy,FP,0.1438363307752282,0.8561636692247718,24821.110602621822,24820.25158891002
2024-11-04,5712.69,Buy,FP,0.4600545632496413,0.5399454367503587,24751.310977602927,24750.45437952981
2024-11-05,5782.76,Buy,FP,0.2003011408777359,0.7996988591222641,25054.902518575855,25054.035413749007
2024-11-06,5929.04,Hold,TN,0.0029101793099703,0.9970898206900296,25688.6883129746,25687.799273968558
2024-11-07,5973.1,Hold,TN,0.0033218561880269,0.9966781438119732,25879.586604615346,25878.69095896496
2024-11-08,5995.54,Hold,TN,0.0045970582271647,0.9954029417728352,25976.812153058796,25975.91314260815
2024-11-11,6001.35,Hold,TN,0.0037077000192317,0.9962922999807684,27001.985078034573,27001.085196394564
2024-11-12,5983.99,Hold,TN,0.0027105470636096,0.9972894529363904,26926.76959135996,26922.979630312027
2024-11-13,5985.38,Hold,TN,0.0019934598073603,0.9980065401926396,26932.79202952112,26929.233474600896
2024-11-14,5949.17,Hold,TN,0.0019934598073603,0.9980065401926396,26775.905349078283,26766.31858129165
2024-11-15,5870.62,Hold,TN,0.0040756235595758,0.9959243764404242,26435.57260263296,26412.9088914424
2024-11-18,5893.62,Hold,TN,0.0032655078683937,0.9967344921316064,26535.22445709817,26516.38976816465
2024-11-19,5916.98,Hold,TN,0.0029869547044662,0.9970130452955338,26636.436079720228,26621.490345566028
2024-11-20,5917.11,Hold,TN,0.0024195741981568,0.9975804258018433,26636.999329332422,26622.075237477937
2024-11-21,5948.71,Hold,TN,0.0021648962966812,0.9978351037033188,26773.912311988977,26764.248963757203
2024-11-22,5969.34,Hold,TN,0.0020005461018583,0.9979994538981416,26863.295692754946,26857.06681100851
2024-11-25,5987.37,Hold,TN,0.0021869617864898,0.9978130382135102,26941.414081277024,26938.186820021645
2024-11-26,6021.63,Hold,TN,0.0021869617864898,0.9978130382135102,27089.85201753694,27092.32833465227
2024-11-27,5998.74,Hold,TN,0.0021715749478987,0.9978284250521012,26990.676758897433,26989.34236647086
2024-11-29,6032.38,Hold,TN,0.0020052188776232,0.9979947811223768,27136.428427776118,27140.694396598537
2024-12-02,6047.15,Hold,TN,0.0002639189330175,0.9997360810669824,27200.42224910008,27207.14711612843
2024-12-03,6049.88,Hold,TN,0.0002639189330175,0.9997360810669824,27212.25049095617,27219.42984627851
2024-12-04,6086.49,Hold,TN,0.000262792143787,0.9997372078562128,27370.870247128838,27384.14440700901
2024-12-05,6075.11,Hold,TN,0.0003283703171597,0.9996716296828402,27321.56424261518,27332.943868874263
2024-12-06,6090.27,Hold,TN,0.0003089088685009,0.9996910911314992,27387.24781277573,27401.151264139888
2024-12-09,6052.85,Hold,TN,0.0003511569212126,0.9996488430787872,27225.118578250156,27232.79237688134
2024-12-10,6034.91,Hold,TN,0.000526456863722,0.999473543136278,28147.39013176729,28152.077293037983
2024-12-11,6084.19,Hold,TN,0.0004391022206749,0.9995608977793252,29360.905061682315,29381.962141196593
2024-12-12,6051.25,Hold,TN,0.0005207580367098,0.99947924196329,29218.186275330834,29222.88725482207
2024-12-13,6051.09,Hold,TN,0.000473365297376,0.999526634702624,29217.493045038904,29222.114577778357
2024-12-16,6074.08,Hold,TN,0.0003959191511372,0.9996040808488628,29317.101572610867,29333.138610496946
2024-12-17,6050.61,Hold,TN,0.0004458527136832,0.9995541472863168,29215.413354163105,29219.796546647216
2024-12-18,5872.16,Buy,FP,0.0991344198621752,0.9008655801378248,28442.244944192807,28358.020181330463
2024-12-19,5867.08,Buy,FP,0.0722967929173715,0.9277032070826284,28417.6395852931,28333.48768519256
2024-12-20,5930.85,Hold,TN,0.0124798782320175,0.9875201217679824,28726.514336677803,28641.44777942764
2024-12-23,5974.07,Hold,TN,0.0045122280512743,0.9954877719487256,28935.853630308764,28850.167165860752
2024-12-24,6040.04,Hold,TN,0.0004292718778274,0.9995707281221726,29255.384245783887,29168.751569446893
2024-12-26,6037.59,Hold,TN,0.0005434804234535,0.9994565195765464,29243.517488046826,29156.91995221503
2024-12-27,5970.84,Buy,FP,0.0665468579944894,0.9334531420055104,28920.20888439419,28834.568748040787
2024-12-30,5906.94,Buy,FP,0.1214170552112581,0.8785829447887419,28610.704468313234,28525.980853707693
2024-12-31,5881.63,Buy,FP,0.0967353889700963,0.9032646110299036,28488.113595527495,28403.75300385526
2025-01-02,5868.55,Buy,FP,0.1097206377602167,0.8902793622397832,28424.75963993534,28340.58665553168
2025-01-03,5942.47,Buy,FP,0.0586789517352877,0.9413210482647124,28782.796673373585,28697.56344972733
2025-01-06,5975.38,Hold,TN,0.045587436973962,0.954412563026038,28942.198713017155,28856.49345915616
2025-01-07,5909.03,Buy,FP,0.0755879455686798,0.92441205443132,28620.827539199137,28536.0739475912
2025-01-08,5918.25,Buy,FP,0.1056902183949271,0.8943097816050728,28665.48529688719,28580.599462235194
2025-01-10,5827.04,Buy,FP,0.2004179921404953,0.7995820078595046,29223.702858847384,29140.125255003248
2025-01-13,5836.22,Buy,FP,0.194823051854511,0.8051769481454889,30269.742287484263,30186.033014318604
2025-01-14,5842.91,Buy,FP,0.2310502796027973,0.7689497203972027,30304.440187135624,30220.634958876173
2025-01-15,5949.91,Buy,FP,0.0702643244531815,0.9297356755468184,30859.399120273993,30774.05918423644
2025-01-16,5937.34,Buy,FP,0.0702643244531815,0.9297356755468184,30794.20441196045,30709.044768229163
2025-01-17,5996.66,Hold,TN,0.0488239472206191,0.9511760527793808,31101.869495266692,31015.859021017677
2025-01-21,6049.24,Hold,TN,0.0023645766007819,0.997635423399218,31374.5773523173,31287.812719797515
2025-01-22,6086.37,Hold,TN,0.0036484811920396,0.9963515188079604,31567.153288648402,31479.856098186552
2025-01-23,6118.71,Hold,TN,0.0022453118916217,0.9977546881083782,31734.885736290413,31647.124691159926
2025-01-24,6101.24,Hold,TN,0.0031330698387633,0.9968669301612366,31644.277020758378,31556.76654894456
2025-01-27,6012.28,Hold,TN,0.031941899552475,0.9680581004475248,31182.883126440724,31096.64861354223
2025-01-28,6067.7,Hold,TN,0.004538673551993,0.9954613264480068,31470.320734613884,31383.29132914472
2025-01-29,6039.31,Hold,TN,0.0214182209908686,0.9785817790091312,31323.075088709233,31236.452882808477
2025-01-30,6071.17,Hold,TN,0.0008516943434195,0.9991483056565804,31488.318000950243,31401.238825051263
2025-01-31,6040.53,Hold,TN,0.0021393107647837,0.9978606892352162,31329.40265785342,31242.762953415386
2025-02-03,5994.57,Hold,TN,0.0040846095925278,0.995915390407472,31091.029643208192,31005.049145961573
2025-02-04,6037.88,Hold,TN,0.0017333862065821,0.998266613793418,31315.6583478271,31229.056652506933
2025-02-05,6061.48,Hold,TN,0.0020269938258736,0.9979730061741264,31438.060505042664,31351.120313427513
2025-02-06,6083.57,Hold,TN,0.0011548938927845,0.9988451061072154,31552.63099880927,31465.373968924785
2025-02-07,6025.99,Hold,TN,0.0025921954365988,0.9974078045634012,31253.990481331628,31167.559325034654
2025-02-10,6066.44,Hold,TN,0.0021550342040699,0.99784496579593,32463.785704186274,32376.77437097692
2025-02-11,6068.5,Hold,TN,0.0023201073052282,0.9976798926947718,33474.46996028221,33387.76865348927
2025-02-12,6051.97,Hold,TN,0.0018030163432908,0.9981969836567092,33388.73658491046,33296.823639755705
2025-02-13,6115.07,Hold,TN,0.0012222591466973,0.9987777408533026,33716.006759499534,33643.98821123715
2025-02-14,6114.63,Hold,TN,0.0012222591466973,0.9987777408533026,33713.72468538196,33641.56741232349
2025-02-18,6129.58,Hold,TN,0.0016290197012687,0.9983709802987312,33791.263340058766,33723.819557230745
2025-02-19,6144.15,Hold,TN,0.0012836867703231,0.9987163132296768,33866.83111254312,33803.98101216711
2025-02-20,6117.52,Hold,TN,0.002534329310636,0.997465670689364,33728.71376310878,33657.46765973366
2025-02-21,6013.13,Hold,TN,0.0031212288737541,0.996878771126246,33187.291678713314,33083.13311746823
2025-02-24,5983.25,Hold,TN,0.0026924302033556,0.9973075697966444,33032.31810000141,32918.73886396798
2025-02-25,5955.25,Hold,TN,0.0026607886996168,0.9973392113003832,32887.09520161006,32764.688024007908
2025-02-26,5956.06,Hold,TN,0.0022178493925786,0.9977821506074214,32891.29629259923,32769.14449473532
2025-02-27,5861.57,Hold,TN,0.0040047309822275,0.9959952690177724,32401.220875849285,32249.277928027208
2025-02-28,5954.5,Hold,TN,0.0017991392409655,0.9982008607590344,32883.205302546005,32760.561662223263
2025-03-03,5849.72,Hold,TN,0.0060724102848445,0.9939275897151556,32339.760470637237,32184.081411829822
2025-03-04,5778.15,Hold,TN,0.0061164084479951,0.9938835915520048,31968.560369284773,31790.31646126045
2025-03-05,5842.63,Hold,TN,0.0063712195909493,0.9936287804090508,32302.98795815171,32145.073538425644
2025-03-06,5738.52,Hold,TN,0.0166519647627205,0.9833480352372796,31763.018102740163,31572.27950455982
2025-03-07,5770.2,Hold,TN,0.0138562382045887,0.9861437617954112,31927.3274392058,31746.577026343213
2025-03-10,5614.56,Hold,TN,0.015171636302352,0.984828363697648,32120.09558543332,31890.274428793728
2025-03-11,5572.07,Hold,TN,0.0138876354662174,0.9861123645337826,32899.719837124445,32648.934455495826
2025-03-12,5599.3,Hold,TN,0.0152895914807752,0.9847104085192248,33040.94910581003,32808.48566092274
2025-03-13,5521.52,Hold,TN,0.0084308792090511,0.9915691207909488,32637.540640207208,32352.742261800253
2025-03-14,5638.94,Hold,TN,0.0084223597020227,0.9915776402979772,33246.5432376755,33040.75190341716
2025-03-17,5675.12,Hold,TN,0.0065275576971901,0.9934724423028098,33434.19196852547,33252.74465451322
2025-03-18,5614.66,Hold,TN,0.0085047489772523,0.9914952510227476,33120.61423864186,32898.485900194035
2025-03-19,5675.29,Hold,TN,0.0059159463664358,0.9940840536335642,33435.073678979985,33253.740750911405
2025-03-20,5662.89,Hold,TN,0.0059159463664358,0.9940840536335642,33370.760681120955,33181.08430774968
2025-03-21,5667.56,Hold,TN,0.0059159463664358,0.9940840536335642,33394.9817859598,33208.44766174688
2025-03-24,5767.57,Hold,TN,0.0070710890707772,0.9929289109292228,33913.68685982119,33794.44531340849
2025-03-25,5776.65,Hold,TN,0.0070710890707772,0.9929289109292228,33960.78057115666,33847.64857985272
2025-03-26,5712.2,Hold,TN,0.0071592635127067,0.9928407364872932,33626.508578252295,33470.010857129084
2025-03-27,5693.31,Hold,TN,0.0072581327369031,0.9927418672630968,33528.534987158986,33359.32696911901
2025-03-28,5580.94,Hold,TN,0.008374904425441,0.9916250955745588,32945.72437672199,32700.907249918768
2025-03-31,5611.85,Hold,TN,0.0058470949072746,0.9941529050927254,33106.04008348187,32882.0210126711
2025-04-01,5633.07,Hold,TN,0.0058470949072746,0.9941529050927254,33216.098294334166,33006.35728072689
2025-04-02,5670.97,Hold,TN,0.0058470949072746,0.9941529050927254,33412.66786037103,33228.42818361636
2025-04-03,5396.52,Hold,TN,0.0058470949072746,0.9941529050927254,31989.224129531543,31620.318439605453
2025-04-04,5074.08,Buy,TP,0.4831617403146225,0.5168382596853774,30316.878723913447,29731.01654177752
2025-04-07,5062.25,Buy,TP,0.4727284129935823,0.5272715870064176,30246.19622081852,29661.699951245006
2025-04-08,4982.77,Buy,TP,0.5195680222606597,0.4804319777393403,29771.314957421684,29195.995588140664
2025-04-09,5456.9,Buy,FP,0.2529836014539952,0.7470163985460048,32604.171693888013,31974.108442678425
2025-04-10,5268.05,Buy,TP,0.4638232927578661,0.5361767072421338,32475.820830872246,31867.562532106524
2025-04-11,5363.36,Buy,FP,0.3936248795737928,0.6063751204262072,34063.37609010297,33444.11313146208
2025-04-14,5405.97,Buy,FP,0.2586729382609022,0.7413270617390977,34333.997576484515,33709.81479246034
2025-04-15,5396.63,Buy,FP,0.2586729382609022,0.7413270617390977,34274.67805799581,33651.573686763935
2025-04-16,5275.7,Buy,TP,0.4114464400943637,0.5885535599056362,33506.63636946918,32897.49478827722
2025-04-17,5282.7,Buy,TP,0.3767580233116812,0.6232419766883188,33551.094252704825,32941.14443922741
2025-04-21,5158.2,Buy,TP,0.4352457634839372,0.5647542365160627,32760.379043728026,32164.8042187561
2025-04-22,5287.76,Buy,TP,0.249434480583291,0.7505655194167089,33583.230951158024,32972.69690119999
2025-04-23,5375.86,Buy,TP,0.2096211872808791,0.7903788127191208,34142.76516730947,33522.05893673029
2025-04-24,5484.77,Buy,TP,0.2558164765692232,0.7441835234307768,34834.466319194325,34201.1851488711
2025-04-25,5525.21,Buy,TP,0.1650868071288092,0.8349131928711908,35091.30586177282,34453.355418074796
2025-04-28,5528.75,Buy,TP,0.2472278847519013,0.7527721152480986,35113.788848437696,34475.42967012675
2025-04-29,5560.83,Buy,TP,0.23100932619603,0.7689906738039699,35317.532976180475,34675.46978476707
2025-04-30,5569.06,Buy,TP,0.8959765385938024,0.1040234614061975,35369.80274461324,34726.78930295566
2025-05-01,5604.14,Buy,TP,0.8701947179420163,0.1298052820579837,35592.60025088558,34945.536410860346
2025-05-02,5686.67,Buy,TP,0.886167435124774,0.1138325648752259,36116.75869423382,35460.16579556314
2025-05-05,5650.38,Hold,FN,0.0170329634732734,0.9829670365267266,35886.27632528789,35233.87353370849
2025-05-06,5606.91,Hold,FN,0.015976806424269,0.984023193575731,35610.19287039454,34962.80920130778
2025-05-07,5631.28,Hold,FN,0.0166203207791128,0.9833796792208872,35764.96981531634,35114.772343258664
2025-05-08,5663.94,Hold,FN,0.0152562820831803,0.9847437179168196,35972.3975962415,35318.42914326343
2025-05-09,5659.91,Hold,FN,0.0160745817587806,0.9839254182412194,35946.802557750125,35293.299415644964
2025-05-12,5844.19,Hold,FN,0.0138319670370864,0.9861680329629136,38117.18808955932,37442.407655230934
2025-05-13,5886.55,Hold,TN,0.0148003590518396,0.9851996409481604,38386.22179439673,37713.79862442865
2025-05-14,5892.58,Hold,TN,0.012690066769342,0.987309933230658,38424.51908524115,37752.43147485977
2025-05-15,5916.93,Hold,TN,0.0094112763585819,0.990588723641418,38579.16900763942,37908.43643472673
2025-05-16,5958.38,Hold,TN,0.0103027438314379,0.989697256168562,38842.4231876562,38173.997239099845
2025-05-19,5963.6,Hold,TN,0.0103027438314379,0.989697256168562,38875.57606629764,38207.44060215962
2025-05-20,5940.46,Hold,TN,0.0075768930504635,0.9924231069495364,38728.61100657295,38059.18783947702
2025-05-21,5844.61,Hold,FN,0.0080786411226496,0.9919213588773504,38119.85556255346,37445.0985005346
2025-05-22,5842.01,Hold,FN,0.0075768930504635,0.9924231069495364,38103.34263449451,37428.44088675004
2025-05-23,5802.82,Hold,FN,0.0075768930504635,0.9924231069495364,37854.44199963667,37177.35939282042
2025-05-27,5921.54,Hold,TN,0.0080786411226496,0.9919213588773504,38608.44769931318,37937.97166532167
2025-05-28,5888.55,Hold,FN,0.0080786411226496,0.9919213588773504,38398.92404674977,37726.612173493704
2025-05-29,5912.17,Hold,FN,0.0080786411226496,0.9919213588773504,38548.93764703919,37877.940187951914
2025-05-30,5911.69,Buy,TP,0.0866667359915356,0.9133332640084644,38545.88910647445,37874.8649361763
2025-06-02,5935.94,Hold,FN,0.0196270379304131,0.9803729620695868,38704.00595814157,38030.22921859001
2025-06-03,5970.37,Hold,FN,0.0194878590738882,0.9805121409261116,38928.49928609617,38250.81446574481
2025-06-04,5970.81,Hold,FN,0.0194878590738882,0.9805121409261116,38931.36821041509,38253.63344653912
2025-06-05,5939.3,Hold,FN,0.0306335069719359,0.969366493028064,38725.91410748597,38051.75598101929
2025-06-06,6000.36,Hold,FN,0.0322953768971441,0.967704623102856,39124.042559559966,38442.953633975194
2025-06-09,6005.88,Hold,FN,0.0351378179483104,0.9648621820516896,39160.03451919719,38478.319029394734
2025-06-10,6038.81,Hold,FN,0.0372442537386776,0.9627557462613224,40374.74742333732,39689.29411475075
2025-06-11,6022.24,Hold,FN,0.0400129686150833,0.9599870313849168,41266.706341600235,40580.389942657
2025-06-12,6045.26,Hold,FN,0.0431462073069928,0.9568537926930072,41416.8032457395,40735.508399656384
2025-06-13,5976.97,Hold,FN,0.0488791861696896,0.9511208138303104,40971.533150879804,40275.34161301486
2025-06-16,6033.11,Hold,FN,0.0453014030734035,0.9546985969265964,41337.58181284236,40653.63658156157
2025-06-17,5982.72,Hold,FN,0.030361366675534,0.969638633324466,41009.0247755019,40314.0875351585
2025-06-18,5980.87,Hold,FN,0.0401462041911175,0.9598537958088824,40996.9622527974,40301.621455860106
2025-06-20,5967.84,Hold,FN,0.0242119663882497,0.9757880336117504,40912.00297126245,40213.81982707202
2025-06-23,6025.17,Hold,FN,0.0222825174168096,0.9777174825831904,41285.81076945116,40600.13351689715
2025-06-24,6092.18,Hold,FN,0.0343683656310013,0.9656316343689988,41722.73490265585,41051.67512434844
2025-06-25,6092.16,Hold,FN,0.0351850075219035,0.9648149924780964,41722.604497004984,41051.540355923586
2025-06-26,6141.02,Hold,TN,0.0295137820999436,0.9704862179000564,42041.1855020547,41380.77961782584
2025-06-27,6173.07,Hold,TN,0.0316290120365858,0.968370987963414,42250.16055755702,41596.74601864383
2025-06-30,6204.95,Hold,,0.0035248929763717,0.9964751070236284,42458.02716502703,41811.566887850626
2025-07-01,6198.01,Hold,,0.0060368812104242,0.9939631187895758,42412.776404178796,41764.802244428574
2025-07-02,6227.42,Hold,,0.0038233476225718,0.996176652377428,42604.537913767665,41962.979213166705
2025-07-03,6279.35,Hold,,0.0034384904806721,0.9965615095193278,42943.13618622431,42312.90542828304
2025-07-07,6229.98,Hold,,0.0076412931615407,0.9923587068384592,42621.22983707767,41980.22957154717
2025-07-08,6225.52,Hold,,0.013276924318367,0.986723075681633,42592.14937693601,41950.176212806204
2025-07-09,6263.26,Hold,,0.0043775210118444,0.9956224789881556,42838.224840107854,42204.48423049329
2025-07-10,6280.46,Hold,,0.0061158147179884,0.9938841852820116,43950.373699847005,43320.38507586207
2025-07-11,6259.75,Hold,,0.011726619701259,0.9882733802987408,44815.338648382014,44177.53484277069
2025-07-14,6268.56,Hold,,0.0127071582640067,0.9872928417359932,44872.78233758562,44239.710501856884
2025-07-15,6243.76,Buy,,0.1270269847716904,0.8729730152283095,44711.07933051985,44064.687080138654
2025-07-16,6263.7,Buy,,0.1141851618067617,0.8858148381932383,44853.86811834171,44205.41155711694
2025-07-17,6297.36,Hold,,0.0063619915961564,0.9936380084038436,45094.90475816535,44442.963507723216
2025-07-18,6296.79,Hold,,0.0068793901846563,0.9931206098153436,45090.82303253554,44438.94079198212
2025-07-21,6305.6,Hold,,0.0178921599572933,0.9821078400427068,45153.910756743695,44501.116451068316
2025-07-22,6309.62,Buy,,0.1256257138055501,0.8743742861944498,45182.6976638171,44529.48718313715
2025-07-23,6358.91,Hold,,0.0082512505834015,0.9917487494165984,45535.6595169635,44877.34623380214
2025-07-24,6363.35,Hold,,0.0117482133304047,0.9882517866695952,45567.45401134309,44908.68107220654
2025-07-25,6388.64,Hold,,0.0042874656627576,0.9957125343372424,45748.553732707915,45087.16261798292
2025-07-28,6389.77,Hold,,0.0044932759964436,0.9955067240035564,45756.64557474596,45095.13747550475
2025-07-29,6370.86,Hold,,0.010435126509009,0.989564873490991,45621.2325367464,44961.682116444594
2025-07-30,6362.9,Hold,,0.0089327848482983,0.9910672151517016,45564.23159637218,44905.50524398987
2025-07-31,6339.39,Hold,,0.0124121965741351,0.9875878034258648,45395.87831644782,44739.58586315941
2025-08-01,6238.01,Hold,,0.0314586289884403,0.9685413710115596,44669.90402811386,44024.107052925756
2025-08-04,6329.94,Hold,,0.0494938722686414,0.9505061277313586,45328.20760205883,44672.89347060951
2025-08-05,6299.19,Hold,,0.0351981584770447,0.9648018415229552,45108.00924571369,44455.87854247097
2025-08-06,6345.06,Hold,,0.034342948766529,0.9656570512334708,45436.48074508122,44779.60129868934
2025-08-07,6340.0,Hold,,0.0284616869395984,0.9715383130604016,45400.24647896394,44743.89087474199
2025-08-08,6389.45,Hold,,0.0342872480091543,0.9657127519908456,45754.35407965554,45092.879108772904
2025-08-11,6373.45,Hold,,0.0047211038540529,0.995278896145947,46639.7793251345,45979.96077218049
2025-08-12,6445.76,Hold,,0.0011521628412333,0.9988478371587666,47157.585606348046,46501.626583230456
2025-08-13,6466.58,Hold,,0.0005513177520666,0.9994486822479334,47306.67600566855,46651.82824532505
2025-08-14,6468.54,Hold,,0.0005109411580519,0.999489058841948,47320.71141309738,46665.96826730898
2025-08-15,6449.8,Hold,,0.0020810803080719,0.997918919691928,47186.51573186461,46530.77234282998
2025-08-18,6449.15,Hold,,0.0024491254706715,0.9975508745293284,47181.86113246219,46526.0830498251
2025-08-19,6411.37,Hold,,0.0121429804813668,0.9878570195186333,46911.32149334937,46253.526911787936
2025-08-20,6395.78,Hold,,0.0056043869301677,0.9943956130698324,46799.682716912925,46141.05602264025
2025-08-21,6370.17,Hold,,0.0058676168069598,0.9941323831930402,46616.291500457686,45956.2978782482
2025-08-22,6466.91,Hold,,0.0027718600235115,0.9972281399764884,47309.03910998055,46654.208963312136
2025-08-25,6439.32,Hold,,0.0027716392708943,0.9972283607291056,47111.46926765332,46455.166510997544
2025-08-26,6465.94,Hold,,0.0031113085166151,0.9968886914833848,47302.093015487706,46647.21109528948
2025-08-27,6481.4,Hold,,0.0016319450346224,0.9983680549653776,47412.80087204367,46758.74412583619
2025-08-28,6501.86,Hold,,0.0004617681714137,0.9995382318285864,47559.31333938745,46906.34864103577
2025-08-29,6460.26,Hold,,0.0020277038085299,0.99797229619147,47261.41897763274,46606.23388872381
2025-09-02,6415.54,Hold,,0.0074209651580271,0.9925790348419729,46941.18253874642,46283.610529988444
2025-09-03,6448.26,Hold,,0.0057172659096923,0.9942827340903077,47175.487911741955,46519.66232555689
2025-09-04,6502.08,Hold,,0.0035023462777218,0.9964976537222782,47560.88874226212,46907.935786360504
2025-09-05,6481.5,Hold,,0.0038617555515312,0.9961382444484688,47413.51696425943,46759.46555552924
2025-09-08,6495.15,Hold,,0.0027874526946023,0.9972125473053975,47511.26355171019,46857.940708631606
2025-09-09,6512.61,Hold,,0.0020122196759852,0.9979877803240148,47636.29325258128,46983.90233303946
2025-09-10,6532.04,Hold,,0.0010446552690499,0.99895534473095,48775.42997010278,48124.07612240056
2025-09-11,6587.47,Hold,,0.0002605982942312,0.9997394017057688,50172.359885296624,49532.45046479048
2025-09-12,6584.29,Hold,,0.0003632685111907,0.9996367314888092,50149.58815283556,49508.539434838465
2025-09-15,6615.28,Hold,,0.000342817144574,0.999657182855426,50371.50513049851,49741.559188993524
2025-09-16,6606.76,Hold,,0.0002783457339328,0.9997216542660672,50310.49407371606,49677.495674782454
2025-09-17,6600.35,Hold,,0.0002783457339328,0.9997216542660672,50264.59256268606,49629.29765528798
2025-09-18,6631.96,Hold,,0.0002514206882594,0.9997485793117404,50490.9493120867,49866.9793083645
2025-09-19,6664.36,Hold,,0.0002249082784157,0.9997750917215844,50722.96318999182,50110.60112296999
2025-09-22,6693.75,Hold,,0.0020704720721639,0.997929527927836,50933.42269220266,50331.59017023096
2025-09-23,6656.92,Hold,,0.003964941057382,0.996035058942618,50669.68592913953,50054.658335912434
2025-09-24,6637.97,Hold,,0.0055380782374354,0.9944619217625644,50533.98645425367,49912.16965113546
2025-09-25,6604.72,Hold,,0.0028831246035153,0.9971168753964847,50295.88579251462,49662.15652349248
2025-09-26,6643.7,Hold,,0.0012526231345219,0.998747376865478,50575.018538216515,49955.25462019994
2025-09-29,6661.21,Hold,,0.0050073667256247,0.9949926332743751,50700.40628519549,50086.915668772235
2025-09-30,6688.46,Hold,,0.0008402974293994,0.9991597025706006,50895.541413989136,50291.81364556234
2025-10-01,6711.2,Hold,,0.000541284803736,0.999458715196264,51058.380783852175,50462.80006729471
2025-10-02,6715.35,Hold,,0.0004773840055507,0.9995226159944492,51088.098610806075,50494.004713301285
2025-10-03,6715.79,Hold,,0.0005100421820853,0.9994899578179146,51091.2494165554,50497.31315769716
2025-10-06,6740.28,Hold,,0.0006547752434484,0.9993452247565516,51266.62040019417,50681.45816509494
2025-10-07,6714.59,Hold,,0.0007722539607714,0.9992277460392286,51082.65630996632,50488.29012752658
