Date,Close,Signal,TN_TP_FP_FN,proba_buy,proba_hold,Equity Value,DCA Value
2024-09-30,5762.48,Hold,TN,0.0488330936227251,0.9511669063772747,1000.0,1000.0
2024-10-01,5708.75,Buy,FP,0.0534041694961566,0.9465958305038432,1000.0,990.675889547556
2024-10-02,5709.54,Hold,TN,0.0424227500801628,0.9575772499198372,1000.1383840595577,990.8129832988575
2024-10-03,5699.94,Hold,TN,0.0329914748196457,0.9670085251803542,998.4567549813881,989.1470339159529
2024-10-04,5751.07,Hold,TN,0.0332643222357727,0.9667356777642272,1007.4131815195971,998.0199497438603
2024-10-07,5695.94,Buy,FP,0.0785823444440967,0.9214176555559032,997.7560761988175,988.4528883397426
2024-10-08,5751.13,Hold,TN,0.0262158575009962,0.9737841424990036,1007.4236917013355,998.0303619275036
2024-10-09,5792.04,Hold,TN,0.0234264583537337,0.9765735416462662,1014.5898839500766,1005.1297358081938
2024-10-10,5780.05,Hold,TN,0.0215794854824076,0.9784205145175924,2012.489599299321,2003.0490344435038
2024-10-11,5815.03,Hold,TN,0.0205482826918818,0.9794517173081182,3018.617035252901,3015.1711882699988
2024-10-14,5859.85,Buy,FP,0.055309632958145,0.9446903670418548,3026.468141011605,3038.410960490996
2024-10-15,5815.26,Hold,TN,0.0131945233400073,0.9868054766599926,3003.438504688541,3015.290446360379
2024-10-16,5842.47,Hold,TN,0.0116146181520149,0.9883853818479852,3017.491799246751,3029.399196965763
2024-10-17,5841.47,Hold,TN,0.0121659573913716,0.9878340426086284,3016.9753238862872,3028.8806835293285
2024-10-18,5864.67,Hold,TN,0.0116146181520149,0.9883853818479852,3028.9575522490386,3040.9101952546102
2024-10-21,5853.98,Hold,TN,0.0131915309396915,0.9868084690603084,3023.4364306456846,3035.3672866191246
2024-10-22,5851.2,Hold,TN,0.0131915309396915,0.9868084690603084,3022.000629143596,3033.9258192658367
2024-10-23,5797.42,Hold,TN,0.0371139926199444,0.9628860073800556,2994.224584257873,3006.0401666543867
2024-10-24,5809.86,Hold,TN,0.0429197566162424,0.9570802433837576,3000.6495377420383,3012.490473803632
2024-10-25,5808.12,Buy,FP,0.0564087168708694,0.9435912831291304,2999.750870614832,3011.588260424236
2024-10-28,5823.52,Hold,TN,0.0249395564669976,0.9750604435330024,3007.704591165969,3019.5733673453287
2024-10-29,5832.92,Hold,TN,0.0249395564669976,0.9750604435330024,3012.559459554325,3024.447393647813
2024-10-30,5813.67,Hold,TN,0.0087496182013679,0.991250381798632,3002.617308865404,3014.466009996448
2024-10-31,5705.45,Buy,FP,0.8763529576511356,0.1236470423488643,2946.724345356052,2958.352485905501
2024-11-01,5728.8,Buy,FP,0.7683929154038046,0.2316070845961954,2958.784045022873,2970.4597746462478
2024-11-04,5712.69,Buy,FP,0.9495606989682608,0.0504393010317391,2950.463626965807,2962.106523185287
2024-11-05,5782.76,Buy,FP,0.2474994393556872,0.7525005606443128,2986.6530554734795,2998.4387596762563
2024-11-06,5929.04,Hold,TN,0.0314438742140753,0.9685561257859246,3062.203071202069,3074.286905157902
2024-11-07,5973.1,Buy,FP,0.1403043842364769,0.8596956157635232,3084.958975584088,3097.1326071672083
2024-11-08,5995.54,Buy,FP,0.0936017099757597,0.9063982900242402,3096.548682672887,3108.7680486807994
2024-11-11,6001.35,Buy,FP,0.0629121208001039,0.937087879199896,4099.54940451718,4111.780611746484
2024-11-12,5983.99,Hold,TN,0.0397537129718992,0.9602462870281008,4087.6907097797593,4099.8865360102045
2024-11-13,5985.38,Hold,TN,0.0234594945890545,0.9765405054109456,4088.640225084196,4100.838884240241
2024-11-14,5949.17,Hold,TN,0.0092658821112871,0.9907341178887128,4063.905009851362,4076.029870276493
2024-11-15,5870.62,Hold,TN,0.0310933671648202,0.9689066328351796,4010.247148582677,4022.211918140276
2024-11-18,5893.62,Hold,TN,0.0244285325561089,0.9755714674438912,4025.9585529006877,4037.9701982056226
2024-11-19,5916.98,Hold,TN,0.0210892369361563,0.9789107630638436,4041.915874851502,4053.975129611122
2024-11-20,5917.11,Hold,TN,0.0205777412294703,0.9794222587705296,4042.0046784411256,4054.0641981506224
2024-11-21,5948.71,Hold,TN,0.0131152338439548,0.9868847661560451,4063.590781765002,4075.714704675186
2024-11-22,5969.34,Hold,TN,0.0039342796467423,0.9960657203532576,4077.683228333722,4089.8491967511904
2024-11-25,5987.37,Hold,TN,0.0039962937237406,0.9960037062762592,4089.9996031099718,4102.202318037199
2024-11-26,6021.63,Hold,TN,0.0039388663382347,0.9960611336617652,4113.402764498453,4125.675303908451
2024-11-27,5998.74,Hold,TN,0.0036871749271627,0.9963128250728372,4097.7665016793535,4109.992389530373
2024-11-29,6032.38,Hold,TN,0.0009773496202536,0.9990226503797464,4120.746138255784,4133.040586982472
2024-12-02,6047.15,Hold,TN,0.0009471334206294,0.9990528665793704,4130.835592246089,4143.16014335487
2024-12-03,6049.88,Hold,TN,0.0008923311444122,0.9991076688555878,4132.700467628183,4145.030582684366
2024-12-04,6086.49,Hold,TN,0.0014412359161595,0.9985587640838404,4157.708924675243,4170.113653692729
2024-12-05,6075.11,Hold,TN,0.0008842032813977,0.9991157967186024,4149.935195060505,4162.316730773439
2024-12-06,6090.27,Hold,TN,0.0008428550285672,0.9991571449714328,4160.291059819682,4172.703492764338
2024-12-09,6052.85,Hold,TN,0.0009501593755883,0.9990498406244116,4134.729288098813,4147.065456240631
2024-12-10,6034.91,Hold,TN,0.0009595928538262,0.9990404071461736,5122.4743927307645,5134.77399778966
2024-12-11,6084.19,Hold,TN,0.0011028285212336,0.9988971714787664,6156.137784243442,6176.703647546006
2024-12-12,6051.25,Hold,TN,0.000961492771746,0.999038507228254,6133.636320841908,6143.262775687934
2024-12-13,6051.09,Hold,TN,0.0010178612149426,0.9989821387850574,6133.527024116218,6143.100342794877
2024-12-16,6074.08,Hold,TN,0.0010178612149426,0.9989821387850574,6149.231597388873,6166.439919115978
2024-12-17,6050.61,Hold,TN,0.0010178612149426,0.9989821387850574,6133.199133939146,6142.6130441157065
2024-12-18,5872.16,Buy,FP,0.1547674468008977,0.8452325531991023,6011.299129567448,5961.449608078275
2024-12-19,5867.08,Buy,FP,0.3575125037105734,0.6424874962894265,6006.098760439529,5956.29236372372
2024-12-20,5930.85,Buy,FP,0.0662437653076957,0.9337562346923044,6071.37977211028,6021.0320236626785
2024-12-23,5974.07,Hold,TN,0.009276011366934,0.990723988633066,6115.623857486003,6064.909208899651
2024-12-24,6040.04,Hold,TN,0.0034266073377435,0.9965733926622564,6183.156997519238,6131.882321118141
2024-12-26,6037.59,Hold,TN,0.0020079526607033,0.9979920473392966,6180.648945479198,6129.395067443208
2024-12-27,5970.84,Buy,FP,0.0870896829250482,0.9129103170749516,6112.317323571991,6061.630094871067
2024-12-30,5906.94,Buy,FP,0.1339397810125442,0.8660602189874558,6046.903231588911,5996.7584582065
2024-12-31,5881.63,Buy,FP,0.111987641038846,0.888012358961154,6020.993518473235,5971.063604936075
2025-01-02,5868.55,Buy,FP,0.1157830349949694,0.8842169650050306,6007.603591663553,5957.78471592868
2025-01-03,5942.47,Buy,FP,0.0756859764945546,0.9243140235054452,6083.27510464304,6032.82871252093
2025-01-06,5975.38,Hold,TN,0.0471126476377648,0.9528873523622352,6116.964897556391,6066.239128211554
2025-01-07,5909.03,Buy,FP,0.0951432822726326,0.9048567177273674,6049.042753533272,5998.880237872055
2025-01-08,5918.25,Buy,FP,0.0951432822726326,0.9048567177273674,6058.481218761503,6008.240433334454
2025-01-10,5827.04,Buy,FP,0.287114466726501,0.7128855332734989,6965.110024242307,6915.643532236252
2025-01-13,5836.22,Buy,FP,0.3095951231541355,0.6904048768458644,7976.082955614418,7926.5385334076755
2025-01-14,5842.91,Buy,FP,0.251522793809969,0.7484772061900309,7985.225858893091,7935.624644415912
2025-01-15,5949.91,Buy,FP,0.059980878107036,0.940019121892964,8131.457645263506,8080.9480940244985
2025-01-16,5937.34,Buy,FP,0.0616256185384167,0.9383743814615833,8114.278826995505,8063.8759841031915
2025-01-17,5996.66,Hold,TN,0.0056801135523633,0.9943198864476366,8195.348636037495,8144.442218035726
2025-01-21,6049.24,Hold,TN,0.0028939441189063,0.9971060558810936,8267.20720919036,8215.854432806002
2025-01-22,6086.37,Hold,TN,0.0029462523353452,0.9970537476646548,8317.951005713103,8266.283027983261
2025-01-23,6118.71,Hold,TN,0.0025661587866835,0.9974338412133164,8362.148538154404,8310.206022005146
2025-01-24,6101.24,Hold,TN,0.0024416292764209,0.997558370723579,8338.273124061963,8286.478912989613
2025-01-27,6012.28,Hold,TN,0.0088129671528655,0.9911870328471344,8216.695743543158,8165.656725352419
2025-01-28,6067.7,Hold,TN,0.0010462087011552,0.9989537912988448,8292.435608969778,8240.926123271183
2025-01-29,6039.31,Hold,TN,0.001307222518968,0.998692777481032,8253.636352754302,8202.367873417094
2025-01-30,6071.17,Hold,TN,0.0010098331493872,0.9989901668506128,8297.177892135249,8245.63894916036
2025-01-31,6040.53,Hold,TN,0.001307222518968,0.998692777481032,8255.303668449365,8204.024832375246
2025-02-03,5994.57,Hold,TN,0.0102580245558294,0.9897419754441704,8192.492332920541,8141.603657197577
2025-02-04,6037.88,Hold,TN,0.0015775660177217,0.9984224339822784,8251.682040095333,8200.425700212043
2025-02-05,6061.48,Hold,TN,0.0017161127891526,0.9982838872108474,8283.935032229367,8232.47834891076
2025-02-06,6083.57,Hold,TN,0.0011141081880733,0.9988858918119268,8314.124379527708,8262.48017135799
2025-02-07,6025.99,Hold,TN,0.0056522968496501,0.99434770315035,8235.432545329499,8184.277141185445
2025-02-10,6066.44,Hold,TN,0.0013024101244938,0.9986975898755062,9290.713627186351,9239.214837789812
2025-02-11,6068.5,Hold,TN,0.0013024101244938,0.9986975898755062,10293.528930737035,10242.352226862455
2025-02-12,6051.97,Hold,TN,0.00142508334315,0.99857491665685,10270.93816972112,10214.453061943606
2025-02-13,6115.07,Hold,TN,0.0012648481385181,0.998735151861482,10357.173924113391,10320.952596509811
2025-02-14,6114.63,Hold,TN,0.0012648481385181,0.998735151861482,10356.572597141401,10320.20996901046
2025-02-18,6129.58,Hold,TN,0.0012648481385181,0.998735151861482,10377.004047666987,10345.442426090725
2025-02-19,6144.15,Hold,TN,0.0012028741440287,0.9987971258559712,10396.916170353126,10370.033523057915
2025-02-20,6117.52,Hold,TN,0.0011182255875205,0.9988817744124796,10360.522222025611,10325.087681449388
2025-02-21,6013.13,Hold,TN,0.0084660108272477,0.9915339891727524,10217.857397920867,10148.899307228054
2025-02-24,5983.25,Hold,TN,0.0075954481277201,0.9924045518722798,10177.021829913876,10098.468148862947
2025-02-25,5955.25,Hold,TN,0.0067420195192464,0.9932579804807536,10138.755568059936,10051.210035267799
2025-02-26,5956.06,Hold,TN,0.0067420195192464,0.9932579804807536,10139.862556349282,10052.577144982517
2025-02-27,5861.57,Hold,TN,0.0063752958418148,0.9936247041581852,10010.727589114324,9893.097889496607
2025-02-28,5954.5,Hold,TN,0.0014345409926834,0.9985654590073164,10137.730578903134,10049.944192939358
2025-03-03,5849.72,Hold,TN,0.0124095932356308,0.9875904067643692,9994.532760436854,9873.097580707234
2025-03-04,5778.15,Hold,TN,0.0053989330514228,0.9946010669485772,9896.721461833764,9752.302466778494
2025-03-05,5842.63,Hold,TN,0.0123852608716921,0.987614739128308,9984.843196274553,9861.131151229034
2025-03-06,5738.52,Hold,TN,0.010934040201809,0.989065959798191,9842.561034788348,9685.415358143651
2025-03-07,5770.2,Hold,TN,0.0089872950052314,0.9910127049947686,9885.856576771661,9738.884538097016
2025-03-10,5614.56,Hold,TN,0.005038704955074,0.994961295044926,10673.150826952118,10476.19693809885
2025-03-11,5572.07,Hold,TN,0.005038704955074,0.994961295044926,11615.081774588762,11396.914927059726
2025-03-12,5599.3,Hold,TN,0.0054636526530071,0.9945363473469928,11652.29571424172,11452.610206096751
2025-03-13,5521.52,Hold,TN,0.0006552903483483,0.9993447096516516,11545.99750542031,11293.521744712258
2025-03-14,5638.94,Hold,TN,0.0003763370688531,0.9996236629311468,11706.469807809226,11533.688460265965
2025-03-17,5675.12,Hold,TN,0.0003350202415786,0.9996649797584214,11755.915284733353,11607.689752794777
2025-03-18,5614.66,Hold,TN,0.0003763370688531,0.9996236629311468,11673.287492173024,11484.027006905004
2025-03-19,5675.29,Hold,TN,0.0003684481712806,0.9996315518287192,11756.147615608896,11608.037464782888
2025-03-20,5662.89,Hold,TN,0.0003684481712806,0.9996315518287192,11739.201128216437,11582.674943297061
2025-03-21,5667.56,Hold,TN,0.0004264207299218,0.999573579270078,11745.58339403279,11592.226796146966
2025-03-24,5767.57,Hold,TN,0.0005413413227815,0.9994586586772184,11882.26228146181,11796.783713388717
2025-03-25,5776.65,Hold,TN,0.0005453833731192,0.9994546166268808,11894.67148352016,11815.355624283178
2025-03-26,5712.2,Hold,TN,0.0008374086956542,0.9991625913043458,11806.590748645642,11683.531873495947
2025-03-27,5693.31,Hold,TN,0.0009209181814516,0.9990790818185484,11780.774688416324,11644.89493552278
2025-03-28,5580.94,Hold,TN,0.0004687815536163,0.9995312184463836,11627.203979683207,11415.057311380637
2025-03-31,5611.85,Hold,TN,0.0039958872294684,0.9960041127705316,11669.44719946554,11478.279532277975
2025-04-01,5633.07,Hold,TN,0.005459075887987,0.9945409241120128,11698.447559341988,11521.682169852915
2025-04-02,5670.97,Hold,TN,0.0058069502581649,0.9941930497418352,11750.243678065715,11599.20148955557
2025-04-03,5396.52,Hold,TN,0.0026262067956097,0.9973737932043902,11375.165979286649,11037.851165218017
2025-04-04,5074.08,Buy,TP,0.1408614173454854,0.8591385826545146,10934.502640994344,10378.343792001036
2025-04-07,5062.25,Buy,TP,0.0509956839584765,0.9490043160415236,10909.009316836475,10354.147128357701
2025-04-08,4982.77,Buy,TP,0.1287235938009064,0.8712764061990935,10737.732106010822,10191.581547092086
2025-04-09,5456.9,Buy,FP,0.1362413311572678,0.8637586688427321,11759.469196709952,11161.350281936913
2025-04-10,5268.05,Buy,TP,0.1260361403039414,0.8739638596960586,12352.502648340242,11775.08317043702
2025-04-11,5363.36,Buy,TP,0.0726412806091694,0.9273587193908306,13575.98515655738,12988.118957298258
2025-04-14,5405.97,Buy,TP,0.2090598842635658,0.7909401157364342,13683.841561408242,13091.304972924747
2025-04-15,5396.63,Buy,TP,0.2003686231179045,0.7996313768820955,13660.19972096452,13068.68686952293
2025-04-16,5275.7,Buy,TP,0.0820243839189987,0.9179756160810012,13354.09610588321,12775.838128154444
2025-04-17,5282.7,Buy,TP,0.1391668062153531,0.860833193784647,13371.814829984502,12792.789597513407
2025-04-21,5158.2,Buy,TP,0.2274929857342106,0.7725070142657893,13056.674665611536,12491.295606771851
2025-04-22,5287.76,Buy,TP,0.2270671688679477,0.7729328311320522,13384.622936263437,12805.043088221459
2025-04-23,5375.86,Buy,TP,0.051876728327129,0.9481232716728708,13607.625735309686,13018.389438296406
2025-04-24,5484.77,Hold,FN,0.0465452678387618,0.9534547321612382,13883.30376986278,13282.130085137074
2025-04-25,5525.21,Buy,TP,0.1037371098935,0.8962628901065,13985.667370242238,13380.061145262282
2025-04-28,5528.75,Buy,TP,0.94769022121698,0.0523097787830199,13994.627982144892,13388.633745480958
2025-04-29,5560.83,Buy,TP,0.8905521356465925,0.1094478643534074,14075.830363454808,13466.319907914605
2025-04-30,5569.06,Buy,TP,0.8839458810231954,0.1160541189768046,14096.662520505328,13486.249992603787
2025-05-01,5604.14,Buy,TP,0.6297214001143532,0.3702785998856468,14185.458640715799,13571.20107047699
2025-05-02,5686.67,Buy,TP,0.2491032105170774,0.7508967894829225,14394.362397870023,13771.058894219163
2025-05-05,5650.38,Buy,TP,0.3628009848428046,0.6371990151571953,14302.50346963633,13683.177633785339
2025-05-06,5606.91,Buy,TP,0.6266443901389581,0.3733556098610419,14192.470192967308,13577.909009066178
2025-05-07,5631.28,Buy,TP,0.3461314613617229,0.6538685386382771,14254.156665302804,13636.924338820168
2025-05-08,5663.94,Hold,FN,0.0482895986534902,0.9517104013465096,14336.82716946683,13716.015051572129
2025-05-09,5659.91,Buy,TP,0.0515645832538159,0.948435416746184,14326.626246877086,13706.255848498327
2025-05-12,5844.19,Hold,FN,0.0150745395526494,0.9849254604473506,15793.084315075079,15152.515387565425
2025-05-13,5886.55,Hold,TN,0.0127159152115804,0.9872840847884196,15900.307908350895,15262.344217876775
2025-05-14,5892.58,Hold,TN,0.0115880498230021,0.988411950176998,15915.571323541008,15277.978491880018
2025-05-15,5916.93,Hold,TN,0.0054449621203421,0.994555037879658,15977.2071709505,15341.111920068906
2025-05-16,5958.38,Hold,TN,0.0029594918785676,0.9970405081214324,16082.127330093146,15448.581349162518
2025-05-19,5963.6,Hold,TN,0.0031801693535201,0.9968198306464798,16095.34043578011,15462.115496807117
2025-05-20,5940.46,Hold,TN,0.0031801693535201,0.9968198306464798,16036.76739639384,15402.11929441324
2025-05-21,5844.61,Hold,FN,0.0030106709186825,0.9969893290813174,15794.147438521157,15153.604341973612
2025-05-22,5842.01,Hold,FN,0.0030106709186825,0.9969893290813174,15787.56619814068,15146.863195637223
2025-05-23,5802.82,Hold,FN,0.0030214605950605,0.9969785394049394,15688.366655636448,15045.25337835909
2025-05-27,5921.54,Hold,TN,0.0031229556570467,0.9968770443429532,15988.87621639435,15353.064491073044
2025-05-28,5888.55,Buy,TP,0.0960606195345051,0.9039393804654948,15905.370400951266,15267.529715058614
2025-05-29,5912.17,Buy,TP,0.0717218063434572,0.9282781936565428,15969.169612789574,15328.77043677613
2025-05-30,5911.69,Hold,FN,0.0342669415941722,0.9657330584058276,15967.873100440615,15327.525917452487
2025-06-02,5935.94,Hold,FN,0.0217166997077483,0.9782833002922516,16033.373984736929,15390.400070782283
2025-06-03,5970.37,Hold,FN,0.0176361463653435,0.9823638536346564,16126.371735100729,15479.66840476764
2025-06-04,5970.81,Hold,FN,0.0206852406251682,0.9793147593748318,16127.560204753943,15480.809214147646
2025-06-05,5939.3,Hold,FN,0.0342669415941722,0.9657330584058276,16042.449571179637,15399.111706047774
2025-06-06,6000.36,Hold,FN,0.0206852406251682,0.9793147593748318,16207.376746236667,15557.424935009314
2025-06-09,6005.88,Hold,FN,0.0206852406251682,0.9793147593748318,16222.286638249685,15571.73690723119
2025-06-10,6038.81,Hold,FN,0.0180467029277058,0.9819532970722942,17311.23278752299,16657.116118330167
2025-06-11,6022.24,Hold,FN,0.0206852406251682,0.9793147593748318,18266.476100810003,17611.410356088807
2025-06-12,6045.26,Hold,FN,0.0206852406251682,0.9793147593748318,18328.654672212113,17678.729935912455
2025-06-13,5976.97,Hold,FN,0.0338750552717835,0.9661249447282164,18144.198779898903,17479.022980823105
2025-06-16,6033.11,Hold,FN,0.0311686061687511,0.9688313938312488,18295.836703379115,17643.19853300814
2025-06-17,5982.72,Hold,FN,0.0223029635685218,0.9776970364314782,18159.729917412464,17495.83825380251
2025-06-18,5980.87,Hold,FN,0.0323906074247746,0.9676093925752254,18154.732942734187,17490.42812249609
2025-06-20,5967.84,Hold,FN,0.0192259813499355,0.9807740186500644,18119.538034594763,17452.323251727103
2025-06-23,6025.17,Hold,FN,0.0226251612748256,0.9773748387251744,18274.390228273434,17619.978834320053
2025-06-24,6092.18,Hold,FN,0.0272300283486237,0.9727699716513762,18455.388754322757,17815.942563424425
2025-06-25,6092.16,Hold,FN,0.0159634067394044,0.9840365932605956,18455.334732974883,17815.88407551841
2025-06-26,6141.02,Hold,TN,0.0176099191409298,0.9823900808590702,18587.308885829236,17958.77002991387
2025-06-27,6173.07,Buy,FP,0.2831005579304672,0.7168994420695327,18673.878095796117,18052.496899303438
2025-06-30,6204.95,Hold,TN,0.0110900137824578,0.988909986217542,18770.31685863114,18145.726621491878
2025-07-01,6198.01,Buy,FP,0.2584696619869937,0.7415303380130063,18749.322974877217,18125.431318104558
2025-07-02,6227.42,Hold,TN,0.0105038453355763,0.9894961546644236,18838.28985113123,18211.437783900103
2025-07-03,6279.35,Hold,TN,0.00866411896091,0.99133588103909,18995.380972650135,18363.301631868915
2025-07-07,6229.98,Buy,FP,0.3534513558262941,0.6465486441737058,18846.033992688874,18218.924235870065
2025-07-08,6225.52,Buy,FP,0.3740884369396727,0.6259115630603274,18832.54224606892,18205.88143282865
2025-07-09,6263.26,Hold,TN,0.0176179518271979,0.982382048172802,18946.70783293823,18316.24811147958
2025-07-10,6280.46,Hold,TN,0.017252503239343,0.9827474967606568,19998.738784028643,19366.547710652765
2025-07-11,6259.75,Buy,FP,0.3589562378708612,0.6410437621291387,20936.08988884943,20302.685954812016
2025-07-14,6268.56,Buy,FP,0.0681150262477777,0.9318849737522222,20965.55543490491,20331.260045352676
2025-07-15,6243.76,Buy,FP,0.0756677476928716,0.9243322523071285,20882.610424442275,20250.824466986232
2025-07-16,6263.7,Hold,TN,0.0406476247573802,0.9593523752426196,20949.30088849973,20315.497266688926
2025-07-17,6297.36,Hold,TN,0.0288701839798354,0.9711298160201646,21061.878672861512,20424.669104100798
2025-07-18,6296.79,Hold,TN,0.042515961249102,0.957484038750898,21059.97227544362,20422.82038314641
2025-07-21,6305.6,Buy,FP,0.0647318995903144,0.9352681004096856,21089.437821499097,20451.394473687073
2025-07-22,6309.62,Hold,TN,0.0397239738289972,0.9602760261710028,21102.882940130537,20464.432821470662
2025-07-23,6358.91,Hold,TN,0.0424959443529384,0.9575040556470616,21267.73614842502,20624.298533473968
2025-07-24,6363.35,Hold,TN,0.02768546797087,0.97231453202913,21282.58598094333,20638.699096697637
2025-07-25,6388.64,Hold,TN,0.0260755888810137,0.9739244111189862,21367.169824273977,20720.723926410836
2025-07-28,6389.77,Hold,TN,0.0100764111222878,0.989923588877712,21370.949173541027,20724.388934618662
2025-07-29,6370.86,Hold,TN,0.0119182121971242,0.9880817878028756,21307.703603063266,20663.056806114248
2025-07-30,6362.9,Hold,TN,0.0100929209546216,0.9899070790453784,21281.080930350257,20637.239580154695
2025-07-31,6339.39,Hold,TN,0.011558432916622,0.988441567083378,21202.450398254434,20560.987949211347
2025-08-01,6238.01,Hold,FN,0.0204357098705341,0.9795642901294658,20863.379222419688,20232.17508893756
2025-08-04,6329.94,Hold,TN,0.0155957214629943,0.9844042785370056,21170.84433579992,20530.33810180962
2025-08-05,6299.19,Hold,TN,0.0148935164764657,0.9851064835235342,21067.999211940005,20430.60447137542
2025-08-06,6345.06,Hold,TN,0.0093113220817559,0.990688677918244,21221.414035727143,20579.377857652387
2025-08-07,6340.0,Hold,TN,0.0117020520133685,0.9882979479866316,21204.490577947265,20562.966404969553
2025-08-08,6389.45,Hold,TN,0.0074203596144249,0.992579640385575,21369.878915341505,20723.351056188127
2025-08-11,6373.45,Hold,TN,0.0100269073572119,0.989973092642788,22316.366005365613,21671.45713466139
2025-08-12,6445.76,Hold,TN,0.0074203596144249,0.992579640385575,22558.210912887913,21917.33072987393
2025-08-13,6466.58,Hold,TN,0.0068389128190069,0.993161087180993,22627.84458699404,21988.12437186432
2025-08-14,6468.54,Hold,TN,0.0068894999596853,0.9931105000403146,22634.399918466086,21994.788903002704
2025-08-15,6449.8,Hold,TN,0.0088672207986626,0.9911327792013374,22571.722922656823,21931.067824669375
2025-08-18,6449.15,Hold,TN,0.0039914559104283,0.9960085440895716,22569.54896068905,21928.857648526544
2025-08-19,6411.37,Hold,TN,0.0055835065196173,0.9944164934803826,22443.19160200848,21800.395410563193
2025-08-20,6395.78,Hold,TN,0.0053780283643356,0.9946219716356643,22391.049960350716,21747.385185845127
2025-08-21,6370.17,Hold,TN,0.0053780283643356,0.9946219716356643,22305.395858820557,21660.304245817562
2025-08-22,6466.91,Hold,TN,0.0037547293824622,0.9962452706175378,22628.948290762295,21989.24646129068
2025-08-25,6439.32,Hold,TN,0.0053780283643356,0.9946219716356643,22536.671966622613,21895.432984704952
2025-08-26,6465.94,Hold,TN,0.0077381512218172,0.9922618487781828,22625.704070595006,21985.948198431375
2025-08-27,6481.4,Hold,TN,0.0062393355220191,0.9937606644779808,22677.41091985921,22038.516387920878
2025-08-28,6501.86,Hold,TN,0.0058924527389691,0.9941075472610308,22745.84055349088,22108.08593235524
2025-08-29,6460.26,Hold,TN,0.0253359544113686,0.9746640455886314,22606.706987553564,21966.634659214018
2025-09-02,6415.54,Buy,FP,0.11568482740118,0.88431517259882,22457.138404170946,21814.574540587208
2025-09-03,6448.26,Buy,FP,0.0765852215733332,0.9234147784266667,22571.672421351803,21925.83140734636
2025-09-04,6502.08,Hold,TN,0.018182524767349,0.981817475232651,22760.06547772936,22108.833991972813
2025-09-05,6481.5,Buy,FP,0.0583227575059569,0.941677242494043,22688.02666129959,22038.856415019778
2025-09-08,6495.15,Hold,TN,0.0411241123519011,0.9588758876480988,22735.80750893158,22085.27011401924
2025-09-09,6512.61,Hold,TN,0.0282262732739587,0.9717737267260412,22796.92498875975,22144.638845486683
2025-09-10,6532.04,Hold,TN,0.0284932511630004,0.9715067488369996,23864.938312531882,23210.706110802406
2025-09-11,6587.47,Hold,TN,0.0053571755171288,0.9946428244828712,25058.967058630136,24407.66899524919
2025-09-12,6584.29,Hold,TN,0.0069229983850884,0.9930770016149116,25047.835696324662,24395.886567791473
2025-09-15,6615.28,Hold,TN,0.0062681151747737,0.9937318848252265,25156.313972377066,24510.70965801621
2025-09-16,6606.76,Hold,TN,0.0108880616408242,0.9891119383591755,25126.49032242655,24479.14164482761
2025-09-17,6600.35,Hold,TN,0.0090351491125855,0.9909648508874144,25104.052576395705,24455.391531618814
2025-09-18,6631.96,Hold,TN,0.0086295259441015,0.9913704740558984,25214.70111805484,24572.511824681224
2025-09-19,6664.36,Hold,TN,0.0066834987826724,0.9933165012173276,25328.11499814835,24692.559198778723
2025-09-22,6693.75,Hold,TN,0.0075868059025473,0.9924131940974528,25430.992588764042,24801.454023615934
2025-09-23,6656.92,Hold,TN,0.0077377971534436,0.9922622028465564,25302.07181086762,24664.992764726707
2025-09-24,6637.97,Hold,TN,0.0155334264713055,0.9844665735286944,25235.738692726507,24594.779871543138
2025-09-25,6604.72,Hold,TN,0.0474213354882425,0.9525786645117574,25119.349448494737,24471.583106458507
2025-09-26,6643.7,Hold,TN,0.0087079524196387,0.9912920475803612,25255.79614744675,24616.010471962232
2025-09-29,6661.21,Hold,TN,0.0104487586892929,0.989551241310707,25317.08864869482,24680.887926297022
2025-09-30,6688.46,Hold,TN,0.010664282773072,0.989335717226928,25412.4753225389,24781.853696178412
2025-10-01,6711.2,Hold,TN,0.009908494105224,0.990091505894776,25492.075064308236,24866.109167998693
2025-10-02,6715.35,Hold,TN,0.0088759083267811,0.9911240916732188,25506.60184215972,24881.485606347604
2025-10-03,6715.79,Hold,TN,0.009014186601205,0.990985813398795,25508.142030654817,24883.115879329172
2025-10-06,6740.28,Hold,TN,0.0097935590105837,0.9902064409894162,25593.86752212056,24973.85539141707
2025-10-07,6714.59,Hold,TN,0.0267602658841316,0.9732397341158684,25503.941516577277,24878.669680288527
2025-10-08,6753.72,Hold,TN,0.0109886131450145,0.9890113868549856,25640.913279788983,25023.65282067233
2025-10-09,6735.11,Hold,TN,0.0215103960230527,0.9784896039769472,25575.77030730317,24954.69968388361
2025-10-10,6552.51,Hold,TN,0.0055964489732989,0.994403551026701,25936.592081837876,25278.136396531638
2025-10-13,6654.72,Hold,TN,0.0080453868542982,0.9919546131457018,27294.370868392136,26672.44000249172
2025-10-14,6644.31,Hold,TN,0.0076966286389086,0.9923033713610914,27257.9314087695,26630.71621840675
2025-10-15,6671.06,Hold,TN,0.0144781964597687,0.9855218035402312,27351.567868414604,26737.93151372596
2025-10-16,6629.07,Hold,TN,0.0154451303859073,0.9845548696140928,27204.58487998477,26569.633560437967
2025-10-17,6664.01,Hold,TN,0.0147771308540014,0.9852228691459984,27326.889848209074,26709.674772342765
2025-10-20,6735.13,Hold,TN,0.0200742737576809,0.9799257262423192,27575.84031587113,26994.72717619705
2025-10-21,6735.35,Hold,TN,0.0244065908421683,0.9755934091578315,27576.61041011868,26995.608946850145
2025-10-22,6699.4,Hold,TN,0.0108583263866243,0.9891416736133756,27450.770009212447,26851.51960603797
2025-10-23,6738.44,Hold,TN,0.0311343418628018,0.9688656581371982,27587.426733868335,27007.99381647767
2025-10-24,6791.69,Hold,TN,0.0124092091346939,0.987590790865306,27773.824546059062,27221.422395010304
2025-10-27,6875.16,Hold,TN,0.0021022926065544,0.9978977073934456,28066.005304435777,27555.97419689047
2025-10-28,6890.89,Hold,TN,0.0023240774375261,0.997675922562474,28121.067043135503,27619.020798586593
2025-10-29,6890.59,Hold,TN,0.0022974942123275,0.9977025057876724,28120.016914616117,27617.818384059647
2025-10-30,6822.34,Hold,TN,0.0054287297970971,0.9945712702029028,27881.11267645617,27344.26907917979
2025-10-31,6840.2,Hold,TN,0.0164179099541237,0.9835820900458764,27943.630327643517,27415.852824017216
2025-11-03,6851.97,Hold,TN,0.0164179099541237,0.9835820900458764,27984.830369887368,27463.02755395767
2025-11-04,6771.55,Hold,TN,0.0057421853896703,0.9942578146103296,27703.325918124392,27140.700299768105
2025-11-05,6796.29,Hold,TN,0.00615032237378,0.99384967762622,27789.926516689626,27239.859417756787
2025-11-06,6720.32,Hold,TN,0.0045000758015525,0.9954999241984476,27523.99897129752,26935.36797905023
2025-11-07,6728.8,Hold,TN,0.0047171472430978,0.9952828527569022,27553.68260411212,26969.356229678524
2025-11-10,6832.43,Hold,TN,0.0121712588067555,0.9878287411932444,28916.431998991466,28384.710287769358
2025-11-11,6846.61,Hold,TN,0.0106490371689608,0.9893509628310392,29966.068073674363,29443.61981071808
2025-11-12,6850.92,Hold,TN,0.0106490371689608,0.9893509628310392,29981.154920069523,29462.15482313798
2025-11-13,6737.49,Hold,TN,0.016188093860917,0.983811906139083,29584.101326890286,28974.352860541927
2025-11-14,6734.11,Hold,TN,0.0194195600125358,0.980580439987464,29572.26987890522,28959.817282356482
2025-11-17,6672.41,Buy,FP,0.054506765650641,0.945493234349359,29356.293446751835,28694.478473468393
2025-11-18,6617.32,Buy,FP,0.0508770200517763,0.9491229799482236,29113.91652357392,28457.565750913367
2025-11-19,6642.16,Hold,TN,0.0092969381066632,0.9907030618933368,29223.20392186289,28564.389349175606
2025-11-20,6538.76,Hold,TN,0.018444113939759,0.981555886060241,28768.279727697045,28119.721069774816
2025-11-21,6602.99,Hold,TN,0.0052607931653713,0.9947392068346286,29050.86948583314,28395.940059967397
2025-11-24,6705.12,Hold,TN,0.0059534554560249,0.994046544543975,29500.20611978051,28835.14674638135
2025-11-25,6765.88,Hold,TN,0.0059534554560249,0.994046544543975,29767.529079524385,29096.4431163658
2025-11-26,6812.61,Hold,TN,0.0047361039793245,0.9952638960206754,29973.124897642083,29297.403935479906
2025-11-28,6849.09,Hold,TN,0.0042814299601802,0.9957185700398198,30133.62426517758,29454.28496867663
2025-12-01,6812.63,Hold,TN,0.0059534554560249,0.994046544543975,29973.212890716393,29297.489944818284
2025-12-02,6829.37,Hold,TN,0.0047361039793245,0.9952638960206754,30046.86309391113,29369.47976103849
2025-12-03,6849.72,Hold,TN,0.0042814299601802,0.9957185700398198,30136.396047018243,29456.994262835455
2025-12-04,6857.12,Hold,TN,0.0042814299601802,0.9957185700398198,30168.953484511734,29488.81771803435
2025-12-05,6870.4,Hold,TN,0.0042814299601802,0.9957185700398198,30227.38088585141,29545.92791871561
2025-12-08,6846.51,Hold,TN,0.0047361039793245,0.9952638960206754,30122.273158592012,29443.189764026203
2025-12-09,6840.51,Hold,TN,0.0059534554560249,0.994046544543975,30095.875236299988,29417.386962513585
2025-12-10,6886.68,Hold,TN,0.0042814299601802,0.9957185700398198,31299.0072483371,30615.939520153184
2025-12-11,6901.0,Hold,TN,0.0045785437014328,0.9954214562985672,32362.010289540725,31679.601582849373
2025-12-12,6827.41,Hold,TN,0.0064864096480677,0.9935135903519324,32038.239772629073,31341.78070464594
2025-12-15,6816.51,Hold,TN,0.0072466490927704,0.9927533509072296,31990.2835471319,31291.74336842611
2025-12-16,6800.26,Hold,TN,0.0078640898027533,0.9921359101972468,31918.789174257672,31217.14642222682
2025-12-17,6721.43,Hold,TN,0.0078640898027533,0.9921359101972468,31571.964471877658,30855.270897987433
2025-12-18,6774.76,Hold,TN,0.0072466490927704,0.9927533509072296,31806.59800451658,31100.086598960243
2025-12-19,6834.5,Hold,TN,0.0056811281375267,0.9943188718624733,32069.43331747081,31374.327926095353
2025-12-22,6878.49,Hold,TN,0.0044350553630147,0.9955649446369852,32262.974084408488,31576.26759768346
2025-12-23,6909.79,Hold,TN,0.0044898653708191,0.9955101346291808,32400.683245698536,31719.952792516557
2025-12-24,6932.05,Hold,TN,0.0054217226936886,0.9945782773063112,32498.619537401937,31822.139132356326
2025-12-26,6929.94,Hold,TN,0.0051266032168125,0.9948733967831876,32489.336268062576,31812.453005803676
2025-12-29,6905.74,Hold,TN,0.0054217226936886,0.9945782773063112,32382.86464815142,31701.360938233043
2025-12-30,6896.24,Hold,TN,0.0054217226936886,0.9945782773063112,32341.067937855718,31657.75041583961
2025-12-31,6845.5,Hold,TN,0.0077063362802442,0.9922936637197556,32117.82950833952,31424.82432044564
2026-01-02,6858.47,Hold,TN,0.0077244296000015,0.9922755703999984,32174.89301702744,31484.36415996594
2026-01-05,6902.05,Hold,TN,0.0054344814605543,0.9945655185394456,32366.629925941827,31684.421693219174
2026-01-06,6944.82,Hold,TN,0.007383132315458,0.992616867684542,32554.80311534679,31880.760855615703
2026-01-07,6920.93,Hold,TN,0.0065179486006647,0.9934820513993352,32449.69538808739,31771.09186824949
2026-01-08,6921.46,Hold,TN,0.0054344814605543,0.9945655185394456,32452.027204556518,31773.52487634091
2026-01-09,6966.28,Hold,TN,0.0054217226936886,0.9945782773063112,32649.21968407792,31979.274730411813
2026-01-12,6977.27,Hold,TN,0.0051419052309201,0.9948580947690798,33697.57187840948,33029.725218949054
2026-01-13,6963.74,Hold,TN,0.0051419052309201,0.9948580947690798,33638.04456364097,32965.67550004576
2026-01-14,6926.6,Hold,TN,0.0051419052309201,0.9948580947690798,33474.64142465335,32789.85831157065
2026-01-15,6944.47,Hold,TN,0.0051419052309201,0.9948580947690798,33553.26323654642,32874.45317312289
2026-01-16,6940.01,Hold,TN,0.0054217226936886,0.9945782773063112,33533.64078097602,32853.339962013604
2026-01-20,6796.86,Hold,TN,0.0061345733906858,0.9938654266093142,32903.830351625526,32175.681627866783
2026-01-21,6875.62,Hold,TN,0.006864887140625,0.993135112859375,33250.34707824547,32548.523894003025
2026-01-22,6913.35,Hold,TN,0.006864887140625,0.993135112859375,33416.34601292513,32727.13408574148
2026-01-23,6915.61,Hold,TN,0.0065325179022355,0.9934674820977644,33426.289230321796,32737.832708411206
2026-01-26,6950.23,Hold,TN,0.0051830992952941,0.994816900704706,33578.60524194676,32901.72045921919
2026-01-27,6978.6,Hold,TN,0.0047656958206978,0.995234304179302,33703.42341785088,33036.021311051154
2026-01-28,6978.03,Hold,TN,0.0047656958206978,0.995234304179302,33700.915615233134,33033.322985864535
2026-01-29,6969.01,Hold,TN,0.0051830992952941,0.994816900704706,33661.2307387208,32990.62317326234
2026-01-30,6939.03,Hold,TN,0.0070002801777455,0.9929997198222544,33529.329120334995,32848.700736254155
2026-02-02,6976.44,Hold,TN,0.0056525517411293,0.9943474482588708,33693.920165825744,33025.79607876504
2026-02-03,6917.81,Hold,TN,0.0070275957089817,0.9929724042910182,33435.96846849554,32748.24729685077
2026-02-04,6882.72,Hold,TN,0.0054006266393888,0.9945993733606112,33281.584619624366,32582.13461123979
2026-02-05,6798.4,Hold,TN,0.0056527395616453,0.9943472604383546,32910.60581834715,32182.971839774473
2026-02-06,6932.3,Hold,TN,0.0065580202501357,0.9934419797498644,33499.71945083077,32816.84156343678
2026-02-09,6964.82,Hold,TN,0.0052033612288857,0.9947966387711142,33642.79618965353,32970.788116188814
2026-02-10,6941.81,Hold,TN,0.0052033612288857,0.9947966387711142,34541.560157663625,33861.8609889187
2026-02-11,6941.47,Hold,TN,0.0052033612288857,0.9947966387711142,35540.064275400415,34860.20248303389
2026-02-12,6832.76,Hold,TN,0.0071237871544507,0.9928762128455492,35061.77792000613,34314.258668261136
2026-02-13,6836.17,Hold,TN,0.0062468037601701,0.9937531962398298,35076.780739175425,34331.38375710646
2026-02-17,6843.22,Hold,TN,0.0062468037601701,0.9937531962398298,35107.79829786855,34366.788999440636
2026-02-18,6881.31,Hold,TN,0.0088192802829039,0.991180719717096,35275.38110788574,34558.07774844895
2026-02-19,6861.89,Hold,TN,0.0072657264498865,0.9927342735501136,35189.93983273389,34460.55011637382
2026-02-20,6909.51,Hold,TN,0.0088192802829039,0.991180719717096,35399.45134265824,34699.69871778564
2026-02-23,6837.75,Hold,TN,0.0045419402066769,0.995458059793323,35083.73219204566,34339.31854900547
2026-02-24,6890.07,Hold,TN,0.0039354634944738,0.9960645365055262,35313.92207443209,34602.070645306725
2026-02-25,6946.13,Hold,TN,0.0039171806476546,0.9960828193523452,35560.566661713885,34883.60509711577
2026-02-26,6908.86,Hold,TN,0.0039354634944738,0.9960645365055262,35396.59156774327,34696.43440466263
2026-02-27,6878.88,Hold,TN,0.0039354634944738,0.9960645365055262,35264.689949357475,34545.874239389086
2026-03-02,6881.62,Hold,TN,0.0039354634944738,0.9960645365055262,35276.74500053749,34559.63457470761
2026-03-03,6816.63,Hold,TN,0.0039354634944738,0.9960645365055262,34990.811505577745,34233.25348260863
2026-03-04,6869.5,Hold,TN,0.0039354634944738,0.9960645365055262,35223.4211975076,34498.76769001397
2026-03-05,6830.71,Hold,TN,0.0039354634944738,0.9960645365055262,35052.758629889686,34303.96352687319
2026-03-06,6740.02,Hold,TN,0.0032143105907425,0.9967856894092576,34653.754034445774,33848.51651591062
2026-03-09,6795.99,Hold,TN,0.0039354634944738,0.9960645365055262,34900.00265289318,34129.59898590262
2026-03-10,6781.48,Hold,TN,0.0039354634944738,0.9960645365055262,35836.16367748364,35056.729472956686
2026-03-11,6775.8,Hold,TN,0.0034786273419491,0.9965213726580509,36811.17364438053,36027.36682300323
2026-03-12,6672.62,Hold,FN,0.0028409484873634,0.9971590515126366,36357.21737403206,35478.75208986508
2026-03-13,6632.19,Hold,FN,0.0028409484873634,0.9971590515126366,36179.339374320974,35263.783165065935
2026-03-16,6699.38,Hold,TN,0.0028409484873634,0.9971590515126366,36474.952107454475,35621.036740560725
2026-03-17,6716.09,Hold,TN,0.0028409484873634,0.9971590515126366,36548.470321037756,35709.88489127539
2026-03-18,6624.7,Hold,FN,0.0028409484873634,0.9971590515126366,36146.385967993105,35223.95835065225
2026-03-19,6606.49,Hold,FN,0.0028409484873634,0.9971590515126366,36066.26827383682,35127.1346029255
2026-03-20,6506.48,Hold,FN,0.0031094165640557,0.9968905834359444,35626.258905765964,34595.37496480623
2026-03-23,6581.0,Hold,FN,0.0031094165640557,0.9968905834359444,35954.12110063288,34991.60262436675
2026-03-24,6556.37,Buy,TP,0.8819952708117882,0.1180047291882118,35845.75762962413,34860.64332142827
2026-03-25,6591.9,Buy,TP,0.8245433418721104,0.1754566581278895,36040.01142685957,35049.558629321255
2026-03-26,6477.16,Buy,TP,0.5068627808005126,0.4931372191994874,35412.69139604632,34439.478628543286
2026-03-27,6368.85,Buy,TP,0.5378548933989576,0.4621451066010423,34820.52621792725,33863.5873536238
2026-03-30,6343.72,Buy,TP,0.5378548933989576,0.4621451066010423,34683.13252458284,33729.96951834795
2026-03-31,6528.52,Buy,TP,0.600615757958932,0.399384242041068,35693.49283218515,34712.56307023718
2026-04-01,6575.32,Buy,TP,0.2772624484253078,0.7227375515746922,35949.36329969482,34961.40169701431
2026-04-02,6582.69,Buy,TP,0.4064402331555117,0.5935597668444883,35989.65743100991,35000.58846366704
2026-04-06,6611.83,Buy,TP,0.3047022987561694,0.6952977012438306,36148.975068258456,35155.527728288536
2026-04-07,6616.85,Buy,TP,0.1814942373482355,0.8185057626517644,36176.42100302125,35182.21939295565
2026-04-08,6782.81,Buy,TP,0.2400962815807044,0.7599037184192956,37083.77704549787,36064.639446373054
2026-04-09,6824.66,Buy,TP,0.2262071793200681,0.7737928206799318,37312.58429048248,36287.158603010306
2026-04-10,6816.89,Buy,TP,0.2369265168237921,0.7630734831762078,38270.10323209466,37245.84501048769
2026-04-13,6886.24,Buy,TP,0.2213703621874688,0.7786296378125311,39659.434974156764,38624.75670650703
2026-04-14,6967.38,Buy,FP,0.085616877067251,0.9143831229327488,40126.73883719422,39079.86904054796
2026-04-15,7022.95,Buy,FP,0.1322371836619036,0.8677628163380964,40446.77920777583,39391.55985152472
2026-04-16,7041.28,Buy,FP,0.1408677868279381,0.8591322131720619,40552.34588031066,39494.37238643931
2026-04-17,7126.06,Hold,TN,0.0149133850132027,0.9850866149867972,41040.61333789406,39969.9013940803
2026-04-20,7109.14,Buy,FP,0.1174905572938441,0.8825094427061559,40943.16717863113,39874.9975156976
2026-04-21,7064.01,Buy,FP,0.0742710424035566,0.9257289575964434,40683.25316163728,39621.864416914425
2026-04-22,7137.9,Buy,FP,0.0521712514620727,0.9478287485379272,41108.80261246101,40036.311673043136
2026-04-23,7108.4,Hold,TN,0.0131350687754982,0.9868649312245018,40938.905348970686,39870.84687326242
2026-04-24,7165.08,Hold,TN,0.019691135915448,0.980308864084552,41265.33846404295,40188.763647891945
2026-04-27,7173.91,Hold,TN,0.019691135915448,0.980308864084552,41316.19245850463,40238.290908300885
2026-04-28,7138.8,Hold,TN,0.0103953198305809,0.989604680169419,41113.98591880479,40041.35975168052
2026-04-29,7135.95,Hold,TN,0.015620600878311,0.9843793991216888,41097.57211538284,40025.37416932882
2026-04-30,7209.01,Hold,TN,0.0380590840521892,0.9619409159478108,41518.341405911764,40435.16597515862
2026-05-01,7230.12,Hold,TN,0.0312711710164889,0.9687288289835112,41639.91873581959,40553.571464086446
2026-05-04,7200.75,Hold,TN,0.0267394057093972,0.9732605942906029,41470.77017213448,40388.835831220014
2026-05-05,7259.22,Hold,TN,0.0325351711702292,0.9674648288297708,41807.51230760157,40716.79267336166
2026-05-06,7365.12,Hold,TN,0.0164444263627557,0.9835555736372444,42417.41468738549,41310.78325969311
2026-05-07,7337.11,Hold,TN,0.0329646305408181,0.9670353694591818,42256.09867550874,41153.675834545385
2026-05-08,7398.93,Hold,TN,0.0180022366366798,0.98199776336332,42612.13422903322,41500.4227471706
2026-05-11,7412.84,Hold,TN,0.0183272945413975,0.9816727054586024,43692.24510819086,42578.443606999404
2026-05-12,7400.96,Hold,TN,0.0116207225102232,0.9883792774897768,43623.82546445306,42510.206344350925
2026-05-13,7444.25,Hold,TN,0.0210732136201166,0.9789267863798832,43873.142499588525,42758.85879385031
2026-05-14,7501.24,Hold,TN,0.0191470464622546,0.9808529535377454,44201.36097573475,43086.20236273388
2026-05-15,7408.5,Hold,TN,0.0180339402131208,0.9819660597868792,43667.25005315533,42553.51517939887
2026-05-18,7403.05,Hold,TN,0.0180339402131208,0.9819660597868792,43635.86225362915,42522.211047965015
2026-05-19,7353.61,Hold,TN,0.0085494046115814,0.9914505953884184,43351.1259584779,42238.233752902655
2026-05-20,7432.97,Hold,TN,0.0178363711419187,0.9821636288580812,43808.17839341324,42694.067857598224
2026-05-21,7445.72,Hold,TN,0.0180337303348884,0.9819662696651116,43881.60856661669,42767.30229352146
2026-05-22,7473.47,Hold,TN,0.0180337303348884,0.9819662696651116,44041.42717888301,42926.6948893544
2026-05-26,7519.12,Hold,TN,0.0003346765399335,0.9996653234600664,44304.3359950977,43188.90288934624
2026-05-27,7520.36,Hold,TN,0.0002813284872482,0.9997186715127516,44311.477439393566,43196.0252972321
2026-05-28,7563.63,Hold,TN,0.0002347021545389,0.999765297845461,44560.67928994361,43444.56286918495
2026-05-29,7580.06,Hold,TN,0.0002347021545389,0.999765297845461,44655.30342686382,43538.9347736727
2026-06-01,7599.96,Hold,TN,0.0002306202291587,0.9997693797708412,44769.91208935391,43653.23793248623
2026-06-02,7609.78,Hold,TN,0.0002249906380123,0.9997750093619876,44826.467720793735,43709.64280784044
2026-06-03,7553.68,Hold,TN,0.0002563661077724,0.9997436338922276,44503.37495869857,43387.41128977818
2026-06-04,7584.31,Hold,TN,0.0002563661077724,0.9997436338922276,44679.78015126497,43563.34625231378
2026-06-05,7383.74,Hold,TN,0.0006391894325914,0.9993608105674086,43524.65153640888,42411.296776774594
2026-06-08,7405.73,Hold,TN,0.0006419010063584,0.9993580989936416,43651.29698807505,42537.60463920221
2026-06-09,7386.65,Hold,TN,0.0008666810934706,0.9991333189065292,43541.41089358707,42428.011459797075
2026-06-10,7266.99,Hold,TN,0.0015412460446588,0.9984587539553412,43852.26151903614,42740.699098810794
2026-06-11,7394.3,Hold,TN,0.0012953671325008,0.9987046328674992,45585.46899750914,44489.47106660897
2026-06-12,7431.46,Hold,TN,0.0003376559262068,0.9996623440737932,45799.481957214244,44713.052574640176
2026-06-15,7554.29,Hold,TN,0.0002555648973646,0.9997444351026352,46506.888088553795,45452.0869296314
2026-06-16,7511.35,Hold,TN,0.0002762110494524,0.9997237889505476,46259.58678366313,45193.72875000652
2026-06-17,7420.1,Hold,TN,0.000384850500789,0.9996151494992108,45734.05711269729,44644.7025764907
2026-06-18,7500.58,Hold,TN,0.0002667957311261,0.9997332042688738,46197.55988441598,45128.92861971868
2026-06-22,7472.79,Hold,,0.0022154257449397,0.9977845742550604,46037.51090297883,44961.72382671041
2026-06-23,7365.46,Hold,,0.0033748598211434,0.9966251401788564,45419.37282533758,44315.948712152014
2026-06-24,7358.22,Hold,,0.0025396329910816,0.9974603670089184,45377.676005416564,44272.3876217821
2026-06-25,7357.49,Hold,,0.0026586047508731,0.9973413952491268,45373.47176804884,44267.995412393975
2026-06-26,7354.02,Hold,,0.0026586047508731,0.9973413952491268,45353.487242478965,44247.11737598741
2026-06-29,7440.43,Hold,,0.0027441928656731,0.9972558071343268,45851.142243773844,44767.02259958743
2026-06-30,7499.36,Hold,,0.0029370502250663,0.9970629497749336,46190.53362470554,45121.58821498784
2026-07-01,7483.23,Hold,,0.0023826146623516,0.9976173853376484,46097.63725656659,45024.538437685806
2026-07-02,7483.24,Hold,,0.0023826146623516,0.9976173853376484,46097.6948488593,45024.5986049377
2026-07-06,7537.43,Hold,,0.0029370502250663,0.9970629497749336,46409.78748304712,45350.64494294124
2026-07-07,7503.85,Hold,,0.0023826146623516,0.9976173853376484,46216.3925641317,45148.60331108741
2026-07-08,7482.71,Hold,,0.0027441928656731,0.9972558071343268,46094.64245734574,45021.40974058742
2026-07-09,7543.64,Hold,,0.0035627145042124,0.9964372854957876,46445.55229681915,45388.00880636626
2026-07-10,7575.39,Hold,,0.0029370502250663,0.9970629497749336,47628.407826168914,46579.039831123824
2026-07-13,7515.34,Hold,,0.0028905128649878,0.997109487135012,48282.56610845386,47209.8084988942
2026-07-14,7543.59,Hold,,0.0028905128649878,0.997109487135012,48445.26433535561,47387.26914473242
2026-07-15,7572.4,Hold,,0.0035627145042124,0.9964372854957876,48611.18773064904,47568.24759452353
2026-07-16,7533.77,Hold,,0.0027441928656731,0.9972558071343268,48388.70870391578,47325.581939701224
2026-07-17,7457.69,Hold,,0.0026586047508731,0.9973413952491268,47950.546540988864,46847.66314552878
2026-07-20,7443.28,Hold,,0.0026586047508731,0.9973413952491268,47867.55604719579,46757.14251166936
2026-07-21,7509.2,Hold,,0.0022619465396298,0.99773805346037,48247.204440730784,47171.23829126777
2026-07-22,7498.96,Hold,,0.0022619465396298,0.99773805346037,48188.229932997194,47106.9127332719
2026-07-23,7408.3,Hold,,0.0028561562428873,0.9971438437571128,47666.09820730116,46537.40540046863
2026-07-24,7411.98,Hold,,0.0025400548985978,0.997459945101402,47687.292171017914,46560.52239787339
2026-07-27,7413.18,Hold,,0.0024580179298599,0.99754198207014,47694.203246142955,46568.060549201036
2026-07-28,7428.78,Hold,,0.0022879412475624,0.9977120587524376,47784.04722276834,46666.05651646037
2026-07-29,7316.15,Hold,,0.0079921409938316,0.9920078590061684,47135.385229991545,45958.53819643353
2026-07-30,7437.63,Hold,,0.0022045134011945,0.9977954865988056,47835.01640181544,46721.65038250172
2026-07-31,7489.72,Hold,,0.0023088847259962,0.9976911152740036,48135.01465453446,47048.86896804907
2026-08-03,7600.5,Hold,,0.002432050757713,0.997567949242287,48773.022073160166,47744.765971445784
2026-08-04,7736.52,Hold,,0.0049209614225798,0.9950790385774202,49556.39243858235,48599.21542443389
2026-08-05,7723.55,Hold,,0.0050600935910107,0.9949399064089892,49481.69523493931,48517.74057216763
2026-08-06,7709.96,Hold,,0.0030699017981487,0.9969300982018512,49403.42730914834,48432.3710083821
2026-08-07,7757.64,Hold,,0.0056300520911545,0.9943699479088454,49678.02736078288,48731.88688780037
2026-08-10,7753.11,Hold,,0.0043367198835415,0.9956632801164584,50651.938052185884,49703.43036653852
2026-08-11,7728.2,Hold,,0.0029032068272884,0.9970967931727116,51508.4756510488,50543.73800432123
2026-08-12,7748.5,Hold,,0.0031374614083183,0.9968625385916816,51625.38800524723,50676.50344536672
2026-08-13,7798.99,Hold,,0.0045776779559873,0.9954223220440128,51916.171491132875,51006.71660390793
2026-08-14,7785.76,Hold,,0.0031374614083183,0.9968625385916816,51839.97688787942,50920.190161295526
2026-08-17,7745.06,Hold,,0.0028056531669999,0.997194346833,51605.576256555476,50654.005262253595
2026-08-18,7691.76,Hold,,0.0022759651915041,0.9977240348084958,51298.60933641872,50305.41422739033
2026-08-19,7707.98,Hold,,0.0023878548782386,0.9976121451217612,51392.02403519204,50411.49577683652
2026-08-20,7641.16,Hold,,0.0022298914959961,0.9977701085040038,51007.19233531327,49974.48165020305
2026-08-21,7674.37,Hold,,0.0022298914959961,0.9977701085040038,51198.456339398486,50191.680679617864
2026-08-24,7652.86,Hold,,0.0022664498067677,0.9977335501932324,51074.57531778232,50051.00163346572
2026-08-25,7677.28,Hold,,0.0020981321569429,0.997901867843057,51215.215696576684,50210.71257289088
2026-08-26,7675.7,Hold,,0.0021606866598644,0.9978393133401356,51206.116114328725,50200.379105065665
2026-08-27,7730.99,Hold,,0.0022759651915041,0.9977240348084958,51524.543900714496,50561.9850772531
2026-08-28,7711.76,Hold,,0.0025274674989528,0.9974725325010472,51413.79392183589,50436.21761758292
2026-08-31,7686.14,Hold,,0.0022358648639001,0.9977641351361,51266.24246791649,50268.658474746204
2026-09-01,7631.47,Hold,,0.0022619465396298,0.99773805346037,50951.38540367866,49911.107407654745
2026-09-02,7666.6,Hold,,0.0022619465396298,0.99773805346037,51153.70712796392,50140.86356252804
2026-09-03,7747.71,Hold,,0.0023495247663246,0.9976504752336752,51620.83821412325,50671.33671145411
2026-09-04,7718.6,Hold,,0.0025274674989528,0.9974725325010472,51453.18705004856,50480.95237702879
2026-09-08,7673.52,Hold,,0.002399480912546,0.997600519087454,51193.56099451826,50186.12153553468
2026-09-09,7636.36,Hold,,0.0024283060701984,0.9975716939298016,50979.54803481315,49943.08883655683
2026-09-10,7591.7,Hold,,0.0027119848452169,0.997288015154783,51722.340855576615,50651.00486625676
2026-09-11,7656.98,Hold,,0.0023006376399027,0.9976993623600972,53098.303342378254,52086.54599639483
2026-09-14,7619.98,Hold,,0.0026087896462406,0.9973912103537592,52885.21185935649,51834.85378851828
2026-09-15,7585.73,Hold,,0.0022608092945954,0.9977391907054046,52687.95825682959,51601.86843392985
2026-09-16,7551.81,Hold,,0.0022584459347761,0.9977415540652238,52492.60519996207,51371.127901736
2026-09-17,7637.76,Hold,,0.0022022087609633,0.9977977912390368,52987.610955792356,51955.802098141125
2026-09-18,7650.5,Hold,,0.0022022087609633,0.9977977912390368,53060.98353670309,52042.46584755592
2026-09-21,7764.7,Hold,,0.0023196974600517,0.9976803025399484,53718.68751943514,52819.31044592084
2026-09-22,7764.64,Hold,,0.0023196974600517,0.9976803025399484,53718.34196567889,52818.90229639456
2026-09-23,7706.03,Hold,,0.0022022087609633,0.9977977912390368,53380.79353811387,52420.20823413389
2026-09-24,7704.13,Hold,,0.0044036106019434,0.9955963893980566,53369.851002499236,52407.28349913482
2026-09-25,7743.41,Hold,,0.0049874201723604,0.9950125798276396,53596.07352825856,52674.48538901025
2026-09-28,7683.69,Hold,,0.0029788589783367,0.9970211410216632,53252.132356202885,52268.24056051329
2026-09-29,7670.84,Hold,,0.0029788589783367,0.9970211410216632,53178.12626007236,52180.828536966976
